Workbook

Sheet storms - seasonal amp funct
A1: Storm 2 | B1: =MAX(B3:B94) -> 0.02275734 | C1: Mobile | D1: Total (Reconstructed) | J1: Storm 3 | K1: =MAX(K3:K99) -> 0.039279705 | L1: Mobile | M1: Total | S1: Storm 4 | T1: =MAX(T3:T100) -> 0.18100711 | U1: Mobile | V1: Total | AB1: Storm 5 | AC1: =MAX(AC3:AC100) -> 0.0051704169 | AD1: Total | AJ1: Storm 6 | AK1: =MAX(AK3:AK99) -> 0.021282733 | AL1: Total | AR1: Storm 7 | AS1: =MAX(AS3:AS99) -> 0.02757667 | AT1: Mobile | AU1: Total | BA1: Spring | BC1: Mobile | BD1: Total
A2: Time | B2: Max Amp | C2: Tau (Pa) | D2: Tau (Pa) | E2: Ch1 Impulses | F2: Imp/s | G2: Imp/s * MaxAmp | H2: Dmax (mm) | J2: Time | K2: Max Amp | L2: Tau (Pa) | M2: Tau (Pa) | N2: Ch1 Impulses | O2: Impulses/s | P2: Imp/s * MaxAmp | Q2: Dmax (mm) | S2: Time | T2: Max Amp | U2: Tau (Pa) | V2: Tau (Pa) | W2: Ch1 Impulses | X2: Impulses/s | Y2: Imp/s * MaxAmp | Z2: Dmax (mm) | AB2: Time | AC2: Max Amp | AD2: Tau (Pa) | AE2: Ch1 Impulses | AF2: Impulses/s | AG2: Imp/s * MaxAmp | AH2: Dmax (mm) | AJ2: Time | AK2: Max Amp | AL2: Tau (Pa) | AM2: Ch1 Impulses | AN2: Impulses/s | AO2: Imp/s * MaxAmp | AP2: Dmax (mm) | AR2: Time | AS2: Max Amp | AT2: Tau (Pa) | AU2: Tau (Pa) | AV2: Ch1 Impulses | AW2: Impulses/s | AX2: Imp/s * MaxAmp | AY2: Dmax (mm) | BA2: Time | BB2: Max Amp | BC2: Tau (Pa) | BD2: Tau (Pa) | BE2: Ch1 Impulses | BF2: Impulses/s | BG2: Imp/s * MaxAmp | BH2: Dmax (mm)
A3: 44776.001 | B3: 1.4221254e-07 | C3: 0.76957219 | D3: 59.870983 | E3: 0 | F3: =E3/60 -> 0 | G3: =F3*B3 -> 0 | H3: =17.285*G3^0.664 -> 0 | J3: 44781.001 | K3: 2.1407756e-06 | L3: 1.4441644 | M3: 61.528936 | N3: 0 | O3: =N3/60 -> 0 | P3: =O3*K3 -> 0 | Q3: =17.285*P3^0.664 -> 0 | S3: 45136 | T3: 0.00079727119 | U3: 0.85462156 | V3: 63.118783 | W3: 1210 | X3: =W3/60 -> 20.166667 | Y3: =T3*X3 -> 0.016078302 | Z3: =17.285*Y3^0.664 -> 1.1133017 | AB3: 45151 | AC3: 0.00053610418 | AD3: 62.63066 | AE3: 192 | AF3: =AE3/60 -> 3.2 | AG3: =AF3*AC3 -> 0.0017155334 | AH3: =17.285*AG3^0.664 -> 0.25194772 | AJ3: 45166 | AK3: 0.00096064495 | AL3: 62.340176 | AM3: 1103 | AN3: =AM3/60 -> 18.383333 | AO3: =AN3*AK3 -> 0.017659856 | AP3: =17.285*AO3^0.664 -> 1.184865 | AR3: 45183 | AS3: 0.0005654558 | AT3: 0.44939224 | AU3: 63.318501 | AV3: 585 | AW3: =AV3/60 -> 9.75 | AX3: =AW3*AS3 -> 0.0055131941 | AY3: =17.285*AX3^0.664 -> 0.54696705 | BA3: 45030.719 | BB3: 0.0049261644 | BC3: 53.134964 | BD3: 105.52 | BE3: 38932 | BF3: =BE3/60 -> 648.86667 | BG3: =BF3*BB3 -> 3.1964239 | BH3: =17.285*BG3^0.664 -> 37.390952
A4: 44776.011 | B4: 1.7972696e-07 | C4: 0.77181716 | D4: 59.870983 | E4: 0 | F4: =E4/60 -> 0 | G4: =F4*B4 -> 0 | H4: =17.285*G4^0.664 -> 0 | J4: 44781.011 | K4: 2.4997227e-06 | L4: 1.5123823 | M4: 61.528936 | N4: 0 | O4: =N4/60 -> 0 | P4: =O4*K4 -> 0 | Q4: =17.285*P4^0.664 -> 0 | S4: 45136.01 | T4: 0.0010779218 | U4: 0.99067577 | V4: 63.193742 | W4: 2773 | X4: =W4/60 -> 46.216667 | Y4: =T4*X4 -> 0.049817951 | Z4: =17.285*Y4^0.664 -> 2.3590307 | AB4: 45151.01 | AC4: 0.0009235617 | AD4: 62.63066 | AE4: 1344 | AF4: =AE4/60 -> 22.4 | AG4: =AF4*AC4 -> 0.020687782 | AH4: =17.285*AG4^0.664 -> 1.3161441 | AJ4: 45166.01 | AK4: 0.0016569484 | AL4: 62.459047 | AM4: 3754 | AN4: =AM4/60 -> 62.566667 | AO4: =AN4*AK4 -> 0.10366974 | AP4: =17.285*AO4^0.664 -> 3.837623 | AR4: 45183.01 | AS4: 0.00090926173 | AT4: 0.44939224 | AU4: 63.430441 | AV4: 770 | AW4: =AV4/60 -> 12.833333 | AX4: =AW4*AS4 -> 0.011668859 | AY4: =17.285*AX4^0.664 -> 0.89986267 | BA4: 45030.729 | BB4: 0.0046821063 | BC4: 62.31528 | BD4: 105.79 | BE4: 38800 | BF4: =BE4/60 -> 646.66667 | BG4: =BF4*BB4 -> 3.0277621 | BH4: =17.285*BG4^0.664 -> 36.06901
A5: 44776.022 | B5: 1.6958202e-07 | C5: 0.78552174 | D5: 59.870983 | E5: 0 | F5: =E5/60 -> 0 | G5: =F5*B5 -> 0 | H5: =17.285*G5^0.664 -> 0 | J5: 44781.022 | K5: 1.8784161e-06 | L5: 1.353318 | M5: 61.540376 | N5: 0 | O5: =N5/60 -> 0 | P5: =O5*K5 -> 0 | Q5: =17.285*P5^0.664 -> 0 | S5: 45136.021 | T5: 0.0015781421 | U5: 1.1441743 | V5: 63.263481 | W5: 4656 | X5: =W5/60 -> 77.6 | Y5: =T5*X5 -> 0.12246383 | Z5: =17.285*Y5^0.664 -> 4.2865371 | AB5: 45151.021 | AC5: 0.00072240959 | AD5: 62.631509 | AE5: 341 | AF5: =AE5/60 -> 5.6833333 | AG5: =AF5*AC5 -> 0.0041056945 | AH5: =17.285*AG5^0.664 -> 0.44973647 | AJ5: 45166.021 | AK5: 0.0012295281 | AL5: 62.459047 | AM5: 2081 | AN5: =AM5/60 -> 34.683333 | AO5: =AN5*AK5 -> 0.042644134 | AP5: =17.285*AO5^0.664 -> 2.1276293 | AR5: 45183.021 | AS5: 0.0006561637 | AT5: 0.44894941 | AU5: 63.497009 | AV5: 772 | AW5: =AV5/60 -> 12.866667 | AX5: =AW5*AS5 -> 0.0084426395 | AY5: =17.285*AX5^0.664 -> 0.72585678 | BA5: 45030.74 | BB5: 0.0044436656 | BC5: 55.160894 | BD5: 106.5 | BE5: 40053 | BF5: =BE5/60 -> 667.55 | BG5: =BF5*BB5 -> 2.9663689 | BH5: =17.285*BG5^0.664 -> 35.581716
A6: 44776.032 | B6: 1.5283904e-07 | C6: 0.77333739 | D6: 59.914456 | E6: 0 | F6: =E6/60 -> 0 | G6: =F6*B6 -> 0 | H6: =17.285*G6^0.664 -> 0 | J6: 44781.032 | K6: 1.2574265e-06 | L6: 1.3056303 | M6: 61.581804 | N6: 0 | O6: =N6/60 -> 0 | P6: =O6*K6 -> 0 | Q6: =17.285*P6^0.664 -> 0 | S6: 45136.031 | T6: 0.00068311164 | U6: 0.73432994 | V6: 63.263481 | W6: 708 | X6: =W6/60 -> 11.8 | Y6: =T6*X6 -> 0.0080607174 | Z6: =17.285*Y6^0.664 -> 0.70388469 | AB6: 45151.031 | AC6: 0.0011939513 | AD6: 62.631509 | AE6: 1056 | AF6: =AE6/60 -> 17.6 | AG6: =AF6*AC6 -> 0.021013544 | AH6: =17.285*AG6^0.664 -> 1.3298692 | AJ6: 45166.031 | AK6: 0.0019041151 | AL6: 62.459047 | AM6: 2605 | AN6: =AM6/60 -> 43.416667 | AO6: =AN6*AK6 -> 0.082670332 | AP6: =17.285*AO6^0.664 -> 3.3020951 | AR6: 45183.031 | AS6: 0.0010348934 | AT6: 0.59425535 | AU6: 63.505989 | AV6: 1352 | AW6: =AV6/60 -> 22.533333 | AX6: =AW6*AS6 -> 0.023319598 | AY6: =17.285*AX6^0.664 -> 1.4250699 | BA6: 45030.75 | BB6: 0.0048599886 | BC6: 60.419667 | BD6: 107.06 | BE6: 39443 | BF6: =BE6/60 -> 657.38333 | BG6: =BF6*BB6 -> 3.1948755 | BH6: =17.285*BG6^0.664 -> 37.378925
A7: 44776.042 | B7: 1.0321196e-07 | C7: 0.69855225 | D7: 59.934979 | E7: 0 | F7: =E7/60 -> 0 | G7: =F7*B7 -> 0 | H7: =17.285*G7^0.664 -> 0 | J7: 44781.042 | K7: 1.816369e-06 | L7: 1.3930698 | M7: 61.635431 | N7: 0 | O7: =N7/60 -> 0 | P7: =O7*K7 -> 0 | Q7: =17.285*P7^0.664 -> 0 | S7: 45136.042 | T7: 0.0017940067 | U7: 1.3171011 | V7: 63.302307 | W7: 8187 | X7: =W7/60 -> 136.45 | Y7: =T7*X7 -> 0.24479221 | Z7: =17.285*Y7^0.664 -> 6.7893936 | AB7: 45151.042 | AC7: 0.001095427 | AD7: 62.631509 | AE7: 1099 | AF7: =AE7/60 -> 18.316667 | AG7: =AF7*AC7 -> 0.020064571 | AH7: =17.285*AG7^0.664 -> 1.2896826 | AJ7: 45166.042 | AK7: 0.0015699072 | AL7: 62.459047 | AM7: 2747 | AN7: =AM7/60 -> 45.783333 | AO7: =AN7*AK7 -> 0.071875583 | AP7: =17.285*AO7^0.664 -> 3.0091194 | AR7: 45183.042 | AS7: 0.00077285932 | AT7: 0.39993655 | AU7: 63.497009 | AV7: 607 | AW7: =AV7/60 -> 10.116667 | AX7: =AW7*AS7 -> 0.0078187601 | AY7: =17.285*AX7^0.664 -> 0.68978372 | BA7: 45030.76 | BB7: 0.004960076 | BC7: 60.419667 | BD7: 107.06 | BE7: 40541 | BF7: =BE7/60 -> 675.68333 | BG7: =BF7*BB7 -> 3.3514407 | BH7: =17.285*BG7^0.664 -> 38.58541
A8: 44776.053 | B8: 9.9320848e-08 | C8: 0.7122607 | D8: 59.986602 | E8: 0 | F8: =E8/60 -> 0 | G8: =F8*B8 -> 0 | H8: =17.285*G8^0.664 -> 0 | J8: 44781.053 | K8: 1.4770032e-06 | L8: 1.3576383 | M8: 61.699658 | N8: 0 | O8: =N8/60 -> 0 | P8: =O8*K8 -> 0 | Q8: =17.285*P8^0.664 -> 0 | S8: 45136.052 | T8: 0.001766734 | U8: 1.1441743 | V8: 63.341132 | W8: 4732 | X8: =W8/60 -> 78.866667 | Y8: =T8*X8 -> 0.13933642 | Z8: =17.285*Y8^0.664 -> 4.6701229 | AB8: 45151.052 | AC8: 0.00072396445 | AD8: 62.631509 | AE8: 745 | AF8: =AE8/60 -> 12.416667 | AG8: =AF8*AC8 -> 0.0089892252 | AH8: =17.285*AG8^0.664 -> 0.75673003 | AJ8: 45166.052 | AK8: 0.0016834227 | AL8: 62.597895 | AM8: 3159 | AN8: =AM8/60 -> 52.65 | AO8: =AN8*AK8 -> 0.088632207 | AP8: =17.285*AO8^0.664 -> 3.4583598 | AR8: 45183.052 | AS8: 0.00097552077 | AT8: 0.50323378 | AU8: 63.441227 | AV8: 1183 | AW8: =AV8/60 -> 19.716667 | AX8: =AW8*AS8 -> 0.019234018 | AY8: =17.285*AX8^0.664 -> 1.2539836 | BA8: 45030.771 | BB8: 0.005001536 | BC8: 59.125991 | BD8: 107.14 | BE8: 40146 | BF8: =BE8/60 -> 669.1 | BG8: =BF8*BB8 -> 3.3465277 | BH8: =17.285*BG8^0.664 -> 38.547843
A9: 44776.063 | B9: 1.5051816e-07 | C9: 0.77359222 | D9: 59.914456 | E9: 0 | F9: =E9/60 -> 0 | G9: =F9*B9 -> 0 | H9: =17.285*G9^0.664 -> 0 | J9: 44781.063 | K9: 1.8476866e-06 | L9: 1.3626813 | M9: 61.699658 | N9: 0 | O9: =N9/60 -> 0 | P9: =O9*K9 -> 0 | Q9: =17.285*P9^0.664 -> 0 | S9: 45136.062 | T9: 0.0017923717 | U9: 1.25751 | V9: 63.341132 | W9: 7451 | X9: =W9/60 -> 124.18333 | Y9: =T9*X9 -> 0.2225827 | Z9: =17.285*Y9^0.664 -> 6.3738769 | AB9: 45151.062 | AC9: 0.00078091567 | AD9: 62.631509 | AE9: 772 | AF9: =AE9/60 -> 12.866667 | AG9: =AF9*AC9 -> 0.010047782 | AH9: =17.285*AG9^0.664 -> 0.81478681 | AJ9: 45166.062 | AK9: 0.0012457717 | AL9: 62.597895 | AM9: 2182 | AN9: =AM9/60 -> 36.366667 | AO9: =AN9*AK9 -> 0.045304566 | AP9: =17.285*AO9^0.664 -> 2.214867 | AR9: 45183.062 | AS9: 0.00096439394 | AT9: 0.53251963 | AU9: 63.497009 | AV9: 1217 | AW9: =AV9/60 -> 20.283333 | AX9: =AW9*AS9 -> 0.019561124 | AY9: =17.285*AX9^0.664 -> 1.268104 | BA9: 45030.781 | BB9: 0.0049705824 | BC9: 62.31528 | BD9: 107.28 | BE9: 40598 | BF9: =BE9/60 -> 676.63333 | BG9: =BF9*BB9 -> 3.3632617 | BH9: =17.285*BG9^0.664 -> 38.675725
A10: 44776.074 | B10: 1.5472541e-07 | C10: 0.76798645 | D10: 59.986602 | E10: 0 | F10: =E10/60 -> 0 | G10: =F10*B10 -> 0 | H10: =17.285*G10^0.664 -> 0 | J10: 44781.074 | K10: 2.0470761e-06 | L10: 1.4280256 | M10: 61.699658 | N10: 0 | O10: =N10/60 -> 0 | P10: =O10*K10 -> 0 | Q10: =17.285*P10^0.664 -> 0 | S10: 45136.073 | T10: 0.00095839376 | U10: 0.85462156 | V10: 63.394821 | W10: 1437 | X10: =W10/60 -> 23.95 | Y10: =T10*X10 -> 0.022953531 | Z10: =17.285*Y10^0.664 -> 1.4101764 | AB10: 45151.073 | AC10: 0.00069311786 | AD10: 62.631509 | AE10: 536 | AF10: =AE10/60 -> 8.9333333 | AG10: =AF10*AC10 -> 0.0061918529 | AH10: =17.285*AG10^0.664 -> 0.590797 | AJ10: 45166.073 | AK10: 0.0014561838 | AL10: 62.597895 | AM10: 3199 | AN10: =AM10/60 -> 53.316667 | AO10: =AN10*AK10 -> 0.077638867 | AP10: =17.285*AO10^0.664 -> 3.1672472 | AR10: 45183.073 | AS10: 0.0007909598 | AT10: 0.50323378 | AU10: 63.505989 | AV10: 1047 | AW10: =AV10/60 -> 17.45 | AX10: =AW10*AS10 -> 0.013802249 | AY10: =17.285*AX10^0.664 -> 1.0059956 | BA10: 45030.792 | BB10: 0.0052685549 | BC10: 62.304573 | BD10: 107.28 | BE10: 40666 | BF10: =BE10/60 -> 677.76667 | BG10: =BF10*BB10 -> 3.5708509 | BH10: =17.285*BG10^0.664 -> 40.244803
A11: 44776.084 | B11: 1.4647854e-07 | C11: 0.75639067 | D11: 60.092663 | E11: 0 | F11: =E11/60 -> 0 | G11: =F11*B11 -> 0 | H11: =17.285*G11^0.664 -> 0 | J11: 44781.084 | K11: 2.1514884e-06 | L11: 1.4664621 | M11: 61.635431 | N11: 0 | O11: =N11/60 -> 0 | P11: =O11*K11 -> 0 | Q11: =17.285*P11^0.664 -> 0 | S11: 45136.083 | T11: 0.0014958581 | U11: 1.25751 | V11: 63.556461 | W11: 6938 | X11: =W11/60 -> 115.63333 | Y11: =T11*X11 -> 0.17297106 | Z11: =17.285*Y11^0.664 -> 5.391179 | AB11: 45151.083 | AC11: 0.00079991122 | AD11: 62.63066 | AE11: 889 | AF11: =AE11/60 -> 14.816667 | AG11: =AF11*AC11 -> 0.011852018 | AH11: =17.285*AG11^0.664 -> 0.90921684 | AJ11: 45166.083 | AK11: 0.0014940498 | AL11: 62.677522 | AM11: 2887 | AN11: =AM11/60 -> 48.116667 | AO11: =AN11*AK11 -> 0.071888694 | AP11: =17.285*AO11^0.664 -> 3.0094839 | AR11: 45183.083 | AS11: 0.0010747995 | AT11: 0.50323378 | AU11: 63.546033 | AV11: 1086 | AW11: =AV11/60 -> 18.1 | AX11: =AW11*AS11 -> 0.019453871 | AY11: =17.285*AX11^0.664 -> 1.2634829 | BA11: 45030.802 | BB11: 0.0049718075 | BC11: 57.147662 | BD11: 107.4 | BE11: 40670 | BF11: =BE11/60 -> 677.83333 | BG11: =BF11*BB11 -> 3.3700569 | BH11: =17.285*BG11^0.664 -> 38.727593
A12: 44776.094 | B12: 1.250865e-07 | C12: 0.72541048 | D12: 60.295657 | E12: 0 | F12: =E12/60 -> 0 | G12: =F12*B12 -> 0 | H12: =17.285*G12^0.664 -> 0 | J12: 44781.094 | K12: 1.8184881e-06 | L12: 1.3805518 | M12: 61.635431 | N12: 0 | O12: =N12/60 -> 0 | P12: =O12*K12 -> 0 | Q12: =17.285*P12^0.664 -> 0 | S12: 45136.094 | T12: 0.00086581232 | U12: 0.85462156 | V12: 63.664412 | W12: 1396 | X12: =W12/60 -> 23.266667 | Y12: =T12*X12 -> 0.020144567 | Z12: =17.285*Y12^0.664 -> 1.2930945 | AB12: 45151.094 | AC12: 0.00062058069 | AD12: 62.63066 | AE12: 403 | AF12: =AE12/60 -> 6.7166667 | AG12: =AF12*AC12 -> 0.0041682336 | AH12: =17.285*AG12^0.664 -> 0.45427365 | AJ12: 45166.094 | AK12: 0.0011731561 | AL12: 62.677522 | AM12: 1655 | AN12: =AM12/60 -> 27.583333 | AO12: =AN12*AK12 -> 0.032359556 | AP12: =17.285*AO12^0.664 -> 1.7713773 | AR12: 45183.094 | AS12: 0.00084543114 | AT12: 0.50323378 | AU12: 63.586077 | AV12: 1092 | AW12: =AV12/60 -> 18.2 | AX12: =AW12*AS12 -> 0.015386847 | AY12: =17.285*AX12^0.664 -> 1.0812764 | BA12: 45030.812 | BB12: 0.004791518 | BC12: 58.466045 | BD12: 107.4 | BE12: 40623 | BF12: =BE12/60 -> 677.05 | BG12: =BF12*BB12 -> 3.2440973 | BH12: =17.285*BG12^0.664 -> 37.760324
A13: 44776.105 | B13: 1.5005888e-07 | C13: 0.74867457 | D13: 60.405231 | E13: 0 | F13: =E13/60 -> 0 | G13: =F13*B13 -> 0 | H13: =17.285*G13^0.664 -> 0 | J13: 44781.105 | K13: 1.47054e-06 | L13: 1.3215777 | M13: 61.597976 | N13: 0 | O13: =N13/60 -> 0 | P13: =O13*K13 -> 0 | Q13: =17.285*P13^0.664 -> 0 | S13: 45136.104 | T13: 0.0010524582 | U13: 0.99067577 | V13: 63.664412 | W13: 2451 | X13: =W13/60 -> 40.85 | Y13: =T13*X13 -> 0.042992919 | Z13: =17.285*Y13^0.664 -> 2.1391683 | AB13: 45151.104 | AC13: 0.00085031722 | AD13: 62.63066 | AE13: 940 | AF13: =AE13/60 -> 15.666667 | AG13: =AF13*AC13 -> 0.013321636 | AH13: =17.285*AG13^0.664 -> 0.98259741 | AJ13: 45166.104 | AK13: 0.0010847456 | AL13: 62.677522 | AM13: 1766 | AN13: =AM13/60 -> 29.433333 | AO13: =AN13*AK13 -> 0.031927679 | AP13: =17.285*AO13^0.664 -> 1.7556442 | AR13: 45183.104 | AS13: 0.00087835159 | AT13: 0.53201108 | AU13: 63.586077 | AV13: 1142 | AW13: =AV13/60 -> 19.033333 | AX13: =AW13*AS13 -> 0.016717959 | AY13: =17.285*AX13^0.664 -> 1.142518 | BA13: 45030.823 | BB13: 0.0051991461 | BC13: 62.304573 | BD13: 107.4 | BE13: 41391 | BF13: =BE13/60 -> 689.85 | BG13: =BF13*BB13 -> 3.586631 | BH13: =17.285*BG13^0.664 -> 40.362806
A14: 44776.115 | B14: 1.4259904e-07 | C14: 0.77382161 | D14: 60.461449 | E14: 0 | F14: =E14/60 -> 0 | G14: =F14*B14 -> 0 | H14: =17.285*G14^0.664 -> 0 | J14: 44781.115 | K14: 1.5936219e-06 | L14: 1.3305822 | M14: 61.538608 | N14: 0 | O14: =N14/60 -> 0 | P14: =O14*K14 -> 0 | Q14: =17.285*P14^0.664 -> 0 | S14: 45136.115 | T14: 0.0011752928 | U14: 0.99067577 | V14: 63.825373 | W14: 2475 | X14: =W14/60 -> 41.25 | Y14: =T14*X14 -> 0.048480828 | Z14: =17.285*Y14^0.664 -> 2.3167965 | AB14: 45151.115 | AC14: 0.00090879076 | AD14: 62.63066 | AE14: 783 | AF14: =AE14/60 -> 13.05 | AG14: =AF14*AC14 -> 0.011859719 | AH14: =17.285*AG14^0.664 -> 0.9096091 | AJ14: 45166.115 | AK14: 0.0012825273 | AL14: 62.677522 | AM14: 1730 | AN14: =AM14/60 -> 28.833333 | AO14: =AN14*AK14 -> 0.036979537 | AP14: =17.285*AO14^0.664 -> 1.9355117 | AR14: 45183.115 | AS14: 0.00094365743 | AT14: 0.50323378 | AU14: 63.586077 | AV14: 1050 | AW14: =AV14/60 -> 17.5 | AX14: =AW14*AS14 -> 0.016514005 | AY14: =17.285*AX14^0.664 -> 1.1332439 | BA14: 45030.833 | BB14: 0.0054892908 | BC14: 64.455597 | BD14: 107.4 | BE14: 40893 | BF14: =BE14/60 -> 681.55 | BG14: =BF14*BB14 -> 3.7412262 | BH14: =17.285*BG14^0.664 -> 41.509801
... A22: 44776.199 | B22: 1.2609226e-07 | C22: 0.7384562 | D22: 60.709773 | E22: 0 | F22: =E22/60 -> 0 | G22: =F22*B22 -> 0 | H22: =17.285*G22^0.664 -> 0 | J22: 44781.199 | K22: 1.5411817e-06 | L22: 1.372761 | M22: 61.422755 | N22: 0 | O22: =N22/60 -> 0 | P22: =O22*K22 -> 0 | Q22: =17.285*P22^0.664 -> 0 | S22: 45136.198 | T22: 0.00083633058 | U22: 0.85462156 | V22: 63.502772 | W22: 1248 | X22: =W22/60 -> 20.8 | Y22: =T22*X22 -> 0.017395676 | Z22: =17.285*Y22^0.664 -> 1.1730659 | AB22: 45151.198 | AC22: 0.00081677553 | AD22: 62.634924 | AE22: 599 | AF22: =AE22/60 -> 9.9833333 | AG22: =AF22*AC22 -> 0.0081541424 | AH22: =17.285*AG22^0.664 -> 0.7092912 | AJ22: 45166.198 | AK22: 0.0014028943 | AL22: 62.575707 | AM22: 2136 | AN22: =AM22/60 -> 35.6 | AO22: =AN22*AK22 -> 0.049943036 | AP22: =17.285*AO22^0.664 -> 2.362962 | AR22: 45183.198 | AS22: 0.00091208684 | AT22: 0.50323378 | AU22: 63.805426 | AV22: 996 | AW22: =AV22/60 -> 16.6 | AX22: =AW22*AS22 -> 0.015140642 | AY22: =17.285*AX22^0.664 -> 1.0697571 | BA22: 45030.917 | BB22: 0.0045812784 | BC22: 59.125991 | BD22: 106.94 | BE22: 40706 | BF22: =BE22/60 -> 678.43333 | BG22: =BF22*BB22 -> 3.108092 | BH22: =17.285*BG22^0.664 -> 36.701626
A23: 44776.209 | B23: 1.2059264e-07 | C23: 0.72657533 | D23: 60.745694 | E23: 0 | F23: =E23/60 -> 0 | G23: =F23*B23 -> 0 | H23: =17.285*G23^0.664 -> 0 | J23: 44781.209 | K23: 1.4084254e-06 | L23: 1.3106306 | M23: 61.422755 | N23: 0 | O23: =N23/60 -> 0 | P23: =O23*K23 -> 0 | Q23: =17.285*P23^0.664 -> 0 | S23: 45136.208 | T23: 0.0010761126 | U23: 0.99067577 | V23: 63.664412 | W23: 2613 | X23: =W23/60 -> 43.55 | Y23: =T23*X23 -> 0.046864704 | Z23: =17.285*Y23^0.664 -> 2.2652234 | AB23: 45151.208 | AC23: 0.00065505439 | AD23: 62.634924 | AE23: 580 | AF23: =AE23/60 -> 9.6666667 | AG23: =AF23*AC23 -> 0.0063321924 | AH23: =17.285*AG23^0.664 -> 0.59965479 | AJ23: 45166.208 | AK23: 0.0011952932 | AL23: 62.575707 | AM23: 2167 | AN23: =AM23/60 -> 36.116667 | AO23: =AN23*AK23 -> 0.043170004 | AP23: =17.285*AO23^0.664 -> 2.1450148 | AR23: 45183.208 | AS23: 0.0014183005 | AT23: 0.59425535 | AU23: 63.809388 | AV23: 1380 | AW23: =AV23/60 -> 23 | AX23: =AW23*AS23 -> 0.032620911 | AY23: =17.285*AX23^0.664 -> 1.7808641 | BA23: 45030.927 | BB23: 0.0046121355 | BC23: 59.769842 | BD23: 106.91 | BE23: 40409 | BF23: =BE23/60 -> 673.48333 | BG23: =BF23*BB23 -> 3.1061964 | BH23: =17.285*BG23^0.664 -> 36.686762 | BJ23: 1) | BK23: Interpolated Rising D50 | BO23: 2) | BP23: Interpolated Rising D84
A24: 44776.219 | B24: 1.4862872e-07 | C24: 0.78202204 | D24: 60.745694 | E24: 0 | F24: =E24/60 -> 0 | G24: =F24*B24 -> 0 | H24: =17.285*G24^0.664 -> 0 | J24: 44781.219 | K24: 1.5660833e-06 | L24: 1.3304172 | M24: 61.422755 | N24: 0 | O24: =N24/60 -> 0 | P24: =O24*K24 -> 0 | Q24: =17.285*P24^0.664 -> 0 | S24: 45136.219 | T24: 0.0012299296 | U24: 0.99067577 | V24: 63.814924 | W24: 3203 | X24: =W24/60 -> 53.383333 | Y24: =T24*X24 -> 0.065657744 | Z24: =17.285*Y24^0.664 -> 2.8336569 | AB24: 45151.219 | AC24: 0.001034203 | AD24: 62.634924 | AE24: 1089 | AF24: =AE24/60 -> 18.15 | AG24: =AF24*AC24 -> 0.018770785 | AH24: =17.285*AG24^0.664 -> 1.2338482 | AJ24: 45166.219 | AK24: 0.0017143408 | AL24: 62.575707 | AM24: 3053 | AN24: =AM24/60 -> 50.883333 | AO24: =AN24*AK24 -> 0.087231376 | AP24: =17.285*AO24^0.664 -> 3.421969 | AR24: 45183.219 | AS24: 0.00079401262 | AT24: 0.44894941 | AU24: 63.809388 | AV24: 773 | AW24: =AV24/60 -> 12.883333 | AX24: =AW24*AS24 -> 0.010229529 | AY24: =17.285*AX24^0.664 -> 0.82454343 | BA24: 45030.938 | BB24: 0.0045866794 | BC24: 59.769842 | BD24: 106.9 | BE24: 40426 | BF24: =BE24/60 -> 673.76667 | BG24: =BF24*BB24 -> 3.0903517 | BH24: =17.285*BG24^0.664 -> 36.562395 | BK24: Mobile | BL24: Total | BM24: Dmax (mm) | BO24: Tau (Pa) - Total | BP24: Dmax (mm)
A25: 44776.23 | B25: 1.7464465e-07 | C25: 0.83594534 | D25: 60.745694 | E25: 0 | F25: =E25/60 -> 0 | G25: =F25*B25 -> 0 | H25: =17.285*G25^0.664 -> 0 | J25: 44781.23 | K25: 1.1204099e-06 | L25: 1.2636095 | M25: 61.355468 | N25: 0 | O25: =N25/60 -> 0 | P25: =O25*K25 -> 0 | Q25: =17.285*P25^0.664 -> 0 | S25: 45136.229 | T25: 0.00083504883 | U25: 0.89783228 | V25: 63.975884 | W25: 1412 | X25: =W25/60 -> 23.533333 | Y25: =T25*X25 -> 0.019651482 | Z25: =17.285*Y25^0.664 -> 1.2719905 | AB25: 45151.229 | AC25: 0.00056545265 | AD25: 62.663283 | AE25: 352 | AF25: =AE25/60 -> 5.8666667 | AG25: =AF25*AC25 -> 0.0033173222 | AH25: =17.285*AG25^0.664 -> 0.39036636 | AJ25: 45166.229 | AK25: 0.0017697915 | AL25: 62.575707 | AM25: 3619 | AN25: =AM25/60 -> 60.316667 | AO25: =AN25*AK25 -> 0.10674792 | AP25: =17.285*AO25^0.664 -> 3.9129117 | AR25: 45183.229 | AS25: 0.0015045671 | AT25: 0.66228852 | AU25: 63.809388 | AV25: 1727 | AW25: =AV25/60 -> 28.783333 | AX25: =AW25*AS25 -> 0.043306456 | AY25: =17.285*AX25^0.664 -> 2.1495143 | BA25: 45030.948 | BB25: 0.0046532578 | BC25: 55.826368 | BD25: 106.86 | BE25: 41006 | BF25: =BE25/60 -> 683.43333 | BG25: =BF25*BB25 -> 3.1801915 | BH25: =17.285*BG25^0.664 -> 37.264762 | BJ25: =BA84 -> 45031.562 | BK25: =BC84 -> 50.381721 | BL25: =BD84 -> 100.58 | BM25: =BH84 -> 32.224765 | BN25: =BA1096 -> 45044.115 | BO25: =BD1096 -> 114.76 | BP25: =BH1096 -> 43.626323
A26: 44776.24 | B26: 1.4938452e-07 | C26: 0.78025977 | D26: 60.745694 | E26: 0 | F26: =E26/60 -> 0 | G26: =F26*B26 -> 0 | H26: =17.285*G26^0.664 -> 0 | J26: 44781.24 | K26: 1.2126402e-06 | L26: 1.2698033 | M26: 61.345856 | N26: 0 | O26: =N26/60 -> 0 | P26: =O26*K26 -> 0 | Q26: =17.285*P26^0.664 -> 0 | S26: 45136.24 | T26: 0.0011897177 | U26: 0.99067577 | V26: 63.986333 | W26: 2119 | X26: =W26/60 -> 35.316667 | Y26: =T26*X26 -> 0.042016863 | Z26: =17.285*Y26^0.664 -> 2.1067969 | AB26: 45151.24 | AC26: 0.00088417937 | AD26: 62.663283 | AE26: 764 | AF26: =AE26/60 -> 12.733333 | AG26: =AF26*AC26 -> 0.011258551 | AH26: =17.285*AG26^0.664 -> 0.87872656 | AJ26: 45166.24 | AK26: 0.0013615986 | AL26: 62.575707 | AM26: 2585 | AN26: =AM26/60 -> 43.083333 | AO26: =AN26*AK26 -> 0.058662205 | AP26: =17.285*AO26^0.664 -> 2.6294163 | AR26: 45183.24 | AS26: 0.00080832372 | AT26: 0.44894941 | AU26: 63.809388 | AV26: 781 | AW26: =AV26/60 -> 13.016667 | AX26: =AW26*AS26 -> 0.01052168 | AY26: =17.285*AX26^0.664 -> 0.84010563 | BA26: 45030.958 | BB26: 0.0048216498 | BC26: 59.114847 | BD26: 106.78 | BE26: 40757 | BF26: =BE26/60 -> 679.28333 | BG26: =BF26*BB26 -> 3.2752663 | BH26: =17.285*BG26^0.664 -> 38.000835 | BJ26: =BA85 -> 45031.573 | BK26: =BC85 -> 50.381721 | BL26: =BD85 -> 100.69 | BM26: =BH85 -> 61.986877 | BN26: =BA1097 -> 45044.125 | BO26: =BD1097 -> 114.76 | BP26: =BH1097 -> 101.10537
A27: 44776.251 | B27: 1.3160716e-07 | C27: 0.75657463 | D27: 60.854855 | E27: 0 | F27: =E27/60 -> 0 | G27: =F27*B27 -> 0 | H27: =17.285*G27^0.664 -> 0 | J27: 44781.251 | K27: 1.390921e-06 | L27: 1.3586244 | M27: 61.345185 | N27: 0 | O27: =N27/60 -> 0 | P27: =O27*K27 -> 0 | Q27: =17.285*P27^0.664 -> 0 | S27: 45136.25 | T27: 0.0017589253 | U27: 1.1441743 | V27: 63.986333 | W27: 4577 | X27: =W27/60 -> 76.283333 | Y27: =T27*X27 -> 0.13417668 | Z27: =17.285*Y27^0.664 -> 4.5545654 | AB27: 45151.25 | AC27: 0.0010249092 | AD27: 62.763401 | AE27: 872 | AF27: =AE27/60 -> 14.533333 | AG27: =AF27*AC27 -> 0.014895347 | AH27: =17.285*AG27^0.664 -> 1.0582177 | AJ27: 45166.25 | AK27: 0.0012843127 | AL27: 62.575707 | AM27: 1673 | AN27: =AM27/60 -> 27.883333 | AO27: =AN27*AK27 -> 0.035810921 | AP27: =17.285*AO27^0.664 -> 1.8946791 | AR27: 45183.25 | AS27: 0.00094275985 | AT27: 0.59425535 | AU27: 63.809388 | AV27: 1471 | AW27: =AV27/60 -> 24.516667 | AX27: =AW27*AS27 -> 0.023113329 | AY27: =17.285*AX27^0.664 -> 1.4166876 | BA27: 45030.969 | BB27: 0.0048162962 | BC27: 61.042519 | BD27: 106.64 | BE27: 40466 | BF27: =BE27/60 -> 674.43333 | BG27: =BF27*BB27 -> 3.2482707 | BH27: =17.285*BG27^0.664 -> 37.792572 | BJ27: =_xlfn.FORECAST.LINEAR(BM27,BJ25:BJ26,BM25:BM26) -> 45031.566 | BK27: =_xlfn.FORECAST.LINEAR(BM27,BK25:BK26,BM25:BM26) -> 50.381721 | BL27: =_xlfn.FORECAST.LINEAR(BM27,BL25:BL26,BM25:BM26) -> 100.62219 | BM27: 43.64 | BN27: =_xlfn.FORECAST.LINEAR(BP27,BN25:BN26,BP25:BP26) -> 45044.122 | BO27: =_xlfn.FORECAST.LINEAR(BP27,BO25:BO26,BP25:BP26) -> 114.76 | BP27: 82
A28: 44776.261 | B28: 9.909021e-08 | C28: 0.70298291 | D28: 60.854855 | E28: 0 | F28: =E28/60 -> 0 | G28: =F28*B28 -> 0 | H28: =17.285*G28^0.664 -> 0 | J28: 44781.261 | K28: 1.3257395e-06 | L28: 1.3056303 | M28: 61.294172 | N28: 0 | O28: =N28/60 -> 0 | P28: =O28*K28 -> 0 | Q28: =17.285*P28^0.664 -> 0 | S28: 45136.26 | T28: 0.0010541572 | U28: 0.89783228 | V28: 64.039697 | W28: 1330 | X28: =W28/60 -> 22.166667 | Y28: =T28*X28 -> 0.023367152 | Z28: =17.285*Y28^0.664 -> 1.4269988 | AB28: 45151.26 | AC28: 0.00078612044 | AD28: 62.763401 | AE28: 904 | AF28: =AE28/60 -> 15.066667 | AG28: =AF28*AC28 -> 0.011844215 | AH28: =17.285*AG28^0.664 -> 0.90881931 | AJ28: 45166.26 | AK28: 0.00089163845 | AL28: 62.575707 | AM28: 1302 | AN28: =AM28/60 -> 21.7 | AO28: =AN28*AK28 -> 0.019348554 | AP28: =17.285*AO28^0.664 -> 1.258937 | AR28: 45183.26 | AS28: 0.00097778815 | AT28: 0.44894941 | AU28: 63.809388 | AV28: 736 | AW28: =AV28/60 -> 12.266667 | AX28: =AW28*AS28 -> 0.011994201 | AY28: =17.285*AX28^0.664 -> 0.91644488 | BA28: 45030.979 | BB28: 0.0046209837 | BC28: 57.814718 | BD28: 106.64 | BE28: 39733 | BF28: =BE28/60 -> 662.21667 | BG28: =BF28*BB28 -> 3.0600924 | BH28: =17.285*BG28^0.664 -> 36.324289 | BJ28: Dimensionless | BK28: =BK27/(1650*9.81*0.04364) -> 0.071323936 | BL28: =BL27/(1650*9.81*0.04364) -> 0.14244791
A29: 44776.272 | B29: 8.8754464e-08 | C29: 0.68254178 | D29: 60.969214 | E29: 0 | F29: =E29/60 -> 0 | G29: =F29*B29 -> 0 | H29: =17.285*G29^0.664 -> 0 | J29: 44781.272 | K29: 1.1430224e-06 | L29: 1.2676346 | M29: 61.218901 | N29: 0 | O29: =N29/60 -> 0 | P29: =O29*K29 -> 0 | Q29: =17.285*P29^0.664 -> 0 | S29: 45136.271 | T29: 0.0013472828 | U29: 1.1441743 | V29: 64.191238 | W29: 3318 | X29: =W29/60 -> 55.3 | Y29: =T29*X29 -> 0.07450474 | Z29: =17.285*Y29^0.664 -> 3.0817648 | AB29: 45151.271 | AC29: 0.0011346058 | AD29: 62.763401 | AE29: 1221 | AF29: =AE29/60 -> 20.35 | AG29: =AF29*AC29 -> 0.023089228 | AH29: =17.285*AG29^0.664 -> 1.4157065 | AJ29: 45166.271 | AK29: 0.0014539313 | AL29: 62.575707 | AM29: 2307 | AN29: =AM29/60 -> 38.45 | AO29: =AN29*AK29 -> 0.05590366 | AP29: =17.285*AO29^0.664 -> 2.5466526 | AR29: 45183.271 | AS29: 0.00067519447 | AT29: 0.44939224 | AU29: 63.789517 | AV29: 746 | AW29: =AV29/60 -> 12.433333 | AX29: =AW29*AS29 -> 0.0083949179 | AY29: =17.285*AX29^0.664 -> 0.72312988 | BA29: 45030.99 | BB29: 0.0047920345 | BC29: 62.923033 | BD29: 106.64 | BE29: 40087 | BF29: =BE29/60 -> 668.11667 | BG29: =BF29*BB29 -> 3.2016381 | BH29: =17.285*BG29^0.664 -> 37.431441 | BJ29: 3) | BK29: Exceedance of D50 | BN29: 4) | BO29: Exceedance of D84
A30: 44776.282 | B30: 8.4536835e-08 | C30: 0.68446578 | D30: 60.969214 | E30: 0 | F30: =E30/60 -> 0 | G30: =F30*B30 -> 0 | H30: =17.285*G30^0.664 -> 0 | J30: 44781.282 | K30: 1.0727191e-06 | L30: 1.2868848 | M30: 61.196166 | N30: 0 | O30: =N30/60 -> 0 | P30: =O30*K30 -> 0 | Q30: =17.285*P30^0.664 -> 0 | S30: 45136.281 | T30: 0.00066291889 | U30: 0.73432994 | V30: 64.191238 | W30: 555 | X30: =W30/60 -> 9.25 | Y30: =T30*X30 -> 0.0061319997 | Z30: =17.285*Y30^0.664 -> 0.58699878 | AB30: 45151.281 | AC30: 0.0010815771 | AD30: 62.763401 | AE30: 745 | AF30: =AE30/60 -> 12.416667 | AG30: =AF30*AC30 -> 0.013429583 | AH30: =17.285*AG30^0.664 -> 0.98787705 | AJ30: 45166.281 | AK30: 0.0012781236 | AL30: 62.575707 | AM30: 2168 | AN30: =AM30/60 -> 36.133333 | AO30: =AN30*AK30 -> 0.046182865 | AP30: =17.285*AO30^0.664 -> 2.2432862 | AR30: 45183.281 | AS30: 0.0010142412 | AT30: 0.44939224 | AU30: 63.789517 | AV30: 747 | AW30: =AV30/60 -> 12.45 | AX30: =AW30*AS30 -> 0.012627303 | AY30: =17.285*AX30^0.664 -> 0.94828663 | BA30: 45031 | BB30: 0.0043983269 | BC30: 57.814718 | BD30: 106.64 | BE30: 40282 | BF30: =BE30/60 -> 671.36667 | BG30: =BF30*BB30 -> 2.9528901 | BH30: =17.285*BG30^0.664 -> 35.474279 | BK30: Mobile | BL30: Total | BM30: Dmax (mm) | BO30: Tau (Pa) | BP30: Dmax (mm)
A31: 44776.292 | B31: 9.3792592e-08 | C31: 0.69437549 | D31: 60.969214 | E31: 0 | F31: =E31/60 -> 0 | G31: =F31*B31 -> 0 | H31: =17.285*G31^0.664 -> 0 | J31: 44781.292 | K31: 1.2840633e-06 | L31: 1.2461574 | M31: 61.196166 | N31: 0 | O31: =N31/60 -> 0 | P31: =O31*K31 -> 0 | Q31: =17.285*P31^0.664 -> 0 | S31: 45136.292 | T31: 0.0009498373 | U31: 0.85462156 | V31: 64.039697 | W31: 1189 | X31: =W31/60 -> 19.816667 | Y31: =T31*X31 -> 0.018822609 | Z31: =17.285*Y31^0.664 -> 1.2361091 | AB31: 45151.292 | AC31: 0.00072623662 | AD31: 62.763401 | AE31: 562 | AF31: =AE31/60 -> 9.3666667 | AG31: =AF31*AC31 -> 0.0068024163 | AH31: =17.285*AG31^0.664 -> 0.62886548 | AJ31: 45166.292 | AK31: 0.0011975768 | AL31: 62.575707 | AM31: 1234 | AN31: =AM31/60 -> 20.566667 | AO31: =AN31*AK31 -> 0.024630163 | AP31: =17.285*AO31^0.664 -> 1.4777592 | AR31: 45183.292 | AS31: 0.00066072808 | AT31: 0.44939224 | AU31: 63.762872 | AV31: 849 | AW31: =AV31/60 -> 14.15 | AX31: =AW31*AS31 -> 0.0093493023 | AY31: =17.285*AX31^0.664 -> 0.77672409 | BA31: 45031.01 | BB31: 0.0048020942 | BC31: 61.042519 | BD31: 106.5 | BE31: 40718 | BF31: =BE31/60 -> 678.63333 | BG31: =BF31*BB31 -> 3.2588612 | BH31: =17.285*BG31^0.664 -> 37.874344 | BJ31: =BJ26 -> 45031.573 | BK31: =BK26 -> 50.381721 | BL31: =BL26 -> 100.69 | BM31: =BM26 -> 61.986877 | BN31: =BN26 -> 45044.125 | BO31: =BO26 -> 114.76 | BP31: =BP26 -> 101.10537
A32: 44776.303 | B32: 1.1000501e-07 | C32: 0.70371788 | D32: 60.842748 | E32: 0 | F32: =E32/60 -> 0 | G32: =F32*B32 -> 0 | H32: =17.285*G32^0.664 -> 0 | J32: 44781.303 | K32: 1.0805789e-06 | L32: 1.2263406 | M32: 61.176041 | N32: 0 | O32: =N32/60 -> 0 | P32: =O32*K32 -> 0 | Q32: =17.285*P32^0.664 -> 0 | S32: 45136.302 | T32: 0.0017754666 | U32: 1.1451054 | V32: 64.029248 | W32: 5417 | X32: =W32/60 -> 90.283333 | Y32: =T32*X32 -> 0.16029504 | Z32: =17.285*Y32^0.664 -> 5.125501 | AB32: 45151.302 | AC32: 0.0012149695 | AD32: 62.763401 | AE32: 675 | AF32: =AE32/60 -> 11.25 | AG32: =AF32*AC32 -> 0.013668407 | AH32: =17.285*AG32^0.664 -> 0.99950753 | AJ32: 45166.302 | AK32: 0.00097787795 | AL32: 62.575707 | AM32: 1017 | AN32: =AM32/60 -> 16.95 | AO32: =AN32*AK32 -> 0.016575031 | AP32: =17.285*AO32^0.664 -> 1.1360229 | AR32: 45183.302 | AS32: 0.00073770413 | AT32: 0.44894941 | AU32: 63.716355 | AV32: 749 | AW32: =AV32/60 -> 12.483333 | AX32: =AW32*AS32 -> 0.0092090066 | AY32: =17.285*AX32^0.664 -> 0.76896518 | BA32: 45031.021 | BB32: 0.0045219532 | BC32: 57.147662 | BD32: 106.56 | BE32: 40480 | BF32: =BE32/60 -> 674.66667 | BG32: =BF32*BB32 -> 3.0508111 | BH32: =17.285*BG32^0.664 -> 36.251097 | BJ32: Dimensionless | BK32: =BK31/(1650*9.81*0.04364) -> 0.071323936 | BL32: =BL31/(1650*9.81*0.04364) -> 0.1425439
A33: 44776.313 | B33: 7.4226951e-08 | C33: 0.67222234 | D33: 60.842748 | E33: 0 | F33: =E33/60 -> 0 | G33: =F33*B33 -> 0 | H33: =17.285*G33^0.664 -> 0 | J33: 44781.313 | K33: 1.1052765e-06 | L33: 1.2605418 | M33: 61.152868 | N33: 0 | O33: =N33/60 -> 0 | P33: =O33*K33 -> 0 | Q33: =17.285*P33^0.664 -> 0 | S33: 45136.312 | T33: 0.0019469639 | U33: 1.25751 | V33: 65.355783 | W33: 7208 | X33: =W33/60 -> 120.13333 | Y33: =T33*X33 -> 0.23389526 | Z33: =17.285*Y33^0.664 -> 6.5871812 | AB33: 45151.312 | AC33: 0.00067911512 | AD33: 62.763401 | AE33: 572 | AF33: =AE33/60 -> 9.5333333 | AG33: =AF33*AC33 -> 0.0064742309 | AH33: =17.285*AG33^0.664 -> 0.6085529 | AJ33: 45166.312 | AK33: 0.0015378851 | AL33: 62.575707 | AM33: 1674 | AN33: =AM33/60 -> 27.9 | AO33: =AN33*AK33 -> 0.042906996 | AP33: =17.285*AO33^0.664 -> 2.1363286 | AR33: 45183.312 | AS33: 0.00080601342 | AT33: 0.53201108 | AU33: 63.716355 | AV33: 1150 | AW33: =AV33/60 -> 19.166667 | AX33: =AW33*AS33 -> 0.015448591 | AY33: =17.285*AX33^0.664 -> 1.0841555 | BA33: 45031.031 | BB33: 0.0051044142 | BC33: 61.042519 | BD33: 106.5 | BE33: 40121 | BF33: =BE33/60 -> 668.68333 | BG33: =BF33*BB33 -> 3.4132367 | BH33: =17.285*BG33^0.664 -> 39.05637 | BJ33: 5) | BK33: Interpolated Falling D50 | BN33: 6) | BO33: Interpolated Falling D84
A34: 44776.324 | B34: 8.3748998e-08 | C34: 0.67980481 | D34: 60.701772 | E34: 0 | F34: =E34/60 -> 0 | G34: =F34*B34 -> 0 | H34: =17.285*G34^0.664 -> 0 | J34: 44781.324 | K34: 1.2197556e-06 | L34: 1.2897381 | M34: 61.14907 | N34: 0 | O34: =N34/60 -> 0 | P34: =O34*K34 -> 0 | Q34: =17.285*P34^0.664 -> 0 | S34: 45136.323 | T34: 0.0017795606 | U34: 1.1451054 | V34: 64.029248 | W34: 5096 | X34: =W34/60 -> 84.933333 | Y34: =T34*X34 -> 0.15114402 | Z34: =17.285*Y34^0.664 -> 4.9292969 | AB34: 45151.323 | AC34: 0.00039799223 | AD34: 62.763401 | AE34: 181 | AF34: =AE34/60 -> 3.0166667 | AG34: =AF34*AC34 -> 0.0012006099 | AH34: =17.285*AG34^0.664 -> 0.19878896 | AJ34: 45166.323 | AK34: 0.0020212901 | AL34: 62.523627 | AM34: 3733 | AN34: =AM34/60 -> 62.216667 | AO34: =AN34*AK34 -> 0.12575793 | AP34: =17.285*AO34^0.664 -> 4.3627556 | AR34: 45183.323 | AS34: 0.00084813302 | AT34: 0.44894941 | AU34: 63.713332 | AV34: 741 | AW34: =AV34/60 -> 12.35 | AX34: =AW34*AS34 -> 0.010474443 | AY34: =17.285*AX34^0.664 -> 0.83759933 | BA34: 45031.042 | BB34: 0.0043919286 | BC34: 59.114847 | BD34: 106.41 | BE34: 40409 | BF34: =BE34/60 -> 673.48333 | BG34: =BF34*BB34 -> 2.9578907 | BH34: =17.285*BG34^0.664 -> 35.514157 | BK34: Mobile | BL34: Total | BM34: Dmax (mm) | BO34: Tau (Pa) | BP34: Dmax (mm)
A35: 44776.334 | B35: 1.3456036e-07 | C35: 0.74230588 | D35: 60.648935 | E35: 0 | F35: =E35/60 -> 0 | G35: =F35*B35 -> 0 | H35: =17.285*G35^0.664 -> 0 | J35: 44781.334 | K35: 1.4116176e-06 | L35: 1.3268671 | M35: 61.147546 | N35: 0 | O35: =N35/60 -> 0 | P35: =O35*K35 -> 0 | Q35: =17.285*P35^0.664 -> 0 | S35: 45136.333 | T35: 0.0017898928 | U35: 1.318149 | V35: 65.426284 | W35: 7929 | X35: =W35/60 -> 132.15 | Y35: =T35*X35 -> 0.23653434 | Z35: =17.285*Y35^0.664 -> 6.6364393 | AB35: 45151.333 | AC35: 0.00058364466 | AD35: 62.763401 | AE35: 350 | AF35: =AE35/60 -> 5.8333333 | AG35: =AF35*AC35 -> 0.0034045938 | AH35: =17.285*AG35^0.664 -> 0.39715565 | AJ35: 45166.333 | AK35: 0.0013750393 | AL35: 62.453146 | AM35: 2443 | AN35: =AM35/60 -> 40.716667 | AO35: =AN35*AK35 -> 0.055987017 | AP35: =17.285*AO35^0.664 -> 2.5491733 | AR35: 45183.333 | AS35: 0.00076798649 | AT35: 0.39953382 | AU35: 63.644466 | AV35: 520 | AW35: =AV35/60 -> 8.6666667 | AX35: =AW35*AS35 -> 0.0066558829 | AY35: =17.285*AX35^0.664 -> 0.61983765 | BA35: 45031.052 | BB35: 0.0045664849 | BC35: 59.769842 | BD35: 106.36 | BE35: 40576 | BF35: =BE35/60 -> 676.26667 | BG35: =BF35*BB35 -> 3.0881615 | BH35: =17.285*BG35^0.664 -> 36.545187 | BJ35: =BA1387 -> 45047.146 | BK35: =BC1387 -> 81.405229 | BL35: =BD1387 -> 117.83 | BM35: =BH1387 -> 42.519582 | BN35: 45044.115 | BO35: 114.76 | BP35: 43.626323
A36: 44776.344 | B36: 1.3044574e-07 | C36: 0.76352864 | D36: 60.648935 | E36: 0 | F36: =E36/60 -> 0 | G36: =F36*B36 -> 0 | H36: =17.285*G36^0.664 -> 0 | J36: 44781.344 | K36: 1.4505692e-06 | L36: 1.314942 | M36: 61.135042 | N36: 0 | O36: =N36/60 -> 0 | P36: =O36*K36 -> 0 | Q36: =17.285*P36^0.664 -> 0 | S36: 45136.344 | T36: 0.0018486334 | U36: 1.318149 | V36: 65.104038 | W36: 9329 | X36: =W36/60 -> 155.48333 | Y36: =T36*X36 -> 0.28743168 | Z36: =17.285*Y36^0.664 -> 7.5532938 | AB36: 45151.344 | AC36: 0.00062896729 | AD36: 62.661575 | AE36: 322 | AF36: =AE36/60 -> 5.3666667 | AG36: =AF36*AC36 -> 0.0033754578 | AH36: =17.285*AG36^0.664 -> 0.39489559 | AJ36: 45166.344 | AK36: 0.0017841165 | AL36: 62.453146 | AM36: 3339 | AN36: =AM36/60 -> 55.65 | AO36: =AN36*AK36 -> 0.099286084 | AP36: =17.285*AO36^0.664 -> 3.7290935 | AR36: 45183.344 | AS36: 0.00086038529 | AT36: 0.47522857 | AU36: 63.542306 | AV36: 910 | AW36: =AV36/60 -> 15.166667 | AX36: =AW36*AS36 -> 0.013049177 | AY36: =17.285*AX36^0.664 -> 0.96920708 | BA36: 45031.062 | BB36: 0.0048491076 | BC36: 59.769842 | BD36: 106.36 | BE36: 40160 | BF36: =BE36/60 -> 669.33333 | BG36: =BF36*BB36 -> 3.2456693 | BH36: =17.285*BG36^0.664 -> 37.772473 | BJ36: =BA1388 -> 45047.156 | BK36: =BC1388 -> 82.276893 | BL36: =BD1388 -> 117.74 | BM36: =BH1388 -> 42.762443 | BN36: 45044.125 | BO36: 114.76 | BP36: 101.10537
A37: 44776.355 | B37: 1.0828443e-07 | C37: 0.72191215 | D37: 60.627912 | E37: 0 | F37: =E37/60 -> 0 | G37: =F37*B37 -> 0 | H37: =17.285*G37^0.664 -> 0 | J37: 44781.355 | K37: 1.291379e-06 | L37: 1.3033881 | M37: 61.124117 | N37: 0 | O37: =N37/60 -> 0 | P37: =O37*K37 -> 0 | Q37: =17.285*P37^0.664 -> 0 | S37: 45136.354 | T37: 0.0014334682 | U37: 1.1451054 | V37: 63.763573 | W37: 6943 | X37: =W37/60 -> 115.71667 | Y37: =T37*X37 -> 0.16587617 | Z37: =17.285*Y37^0.664 -> 5.243315 | AB37: 45151.354 | AC37: 0.00070065378 | AD37: 62.63066 | AE37: 683 | AF37: =AE37/60 -> 11.383333 | AG37: =AF37*AC37 -> 0.0079757755 | AH37: =17.285*AG37^0.664 -> 0.6989508 | AJ37: 45166.354 | AK37: 0.0011236009 | AL37: 62.418437 | AM37: 1395 | AN37: =AM37/60 -> 23.25 | AO37: =AN37*AK37 -> 0.02612372 | AP37: =17.285*AO37^0.664 -> 1.5366701 | AR37: 45183.354 | AS37: 0.001276273 | AT37: 0.62723255 | AU37: 63.4628 | AV37: 1693 | AW37: =AV37/60 -> 28.216667 | AX37: =AW37*AS37 -> 0.036012169 | AY37: =17.285*AX37^0.664 -> 1.9017425 | BA37: 45031.073 | BB37: 0.0047128644 | BC37: 61.042519 | BD37: 106.36 | BE37: 40435 | BF37: =BE37/60 -> 673.91667 | BG37: =BF37*BB37 -> 3.1760779 | BH37: =17.285*BG37^0.664 -> 37.232749 | BJ37: =_xlfn.FORECAST.LINEAR(BM37,BJ35:BJ36,BM35:BM36) -> 45047.194 | BK37: =_xlfn.FORECAST.LINEAR(BM37,BK35:BK36,BM35:BM36) -> 85.426572 | BL37: =_xlfn.FORECAST.LINEAR(BM37,BL35:BL36,BM35:BM36) -> 117.41479 | BM37: 43.64 | BN37: =_xlfn.FORECAST.LINEAR(BP37,BN35:BN36,BP35:BP36) -> 45044.122 | BO37: =BO27 -> 114.76 | BP37: 82
A38: 44776.365 | B38: 9.84826e-08 | C38: 0.72191215 | D38: 60.543597 | E38: 0 | F38: =E38/60 -> 0 | G38: =F38*B38 -> 0 | H38: =17.285*G38^0.664 -> 0 | J38: 44781.365 | K38: 1.2035798e-06 | L38: 1.2281127 | M38: 61.103729 | N38: 0 | O38: =N38/60 -> 0 | P38: =O38*K38 -> 0 | Q38: =17.285*P38^0.664 -> 0 | S38: 45136.365 | T38: 0.0016177161 | U38: 1.1451054 | V38: 63.424423 | W38: 5718 | X38: =W38/60 -> 95.3 | Y38: =T38*X38 -> 0.15416834 | Z38: =17.285*Y38^0.664 -> 4.9945711 | AB38: 45151.365 | AC38: 0.00087318046 | AD38: 62.522348 | AE38: 721 | AF38: =AE38/60 -> 12.016667 | AG38: =AF38*AC38 -> 0.010492719 | AH38: =17.285*AG38^0.664 -> 0.83856944 | AJ38: 45166.365 | AK38: 0.0013413689 | AL38: 62.349765 | AM38: 2146 | AN38: =AM38/60 -> 35.766667 | AO38: =AN38*AK38 -> 0.047976296 | AP38: =17.285*AO38^0.664 -> 2.300759 | AR38: 45183.365 | AS38: 0.00075009988 | AT38: 0.39953382 | AU38: 63.403845 | AV38: 651 | AW38: =AV38/60 -> 10.85 | AX38: =AW38*AS38 -> 0.0081385837 | AY38: =17.285*AX38^0.664 -> 0.70839226 | BA38: 45031.083 | BB38: 0.004573587 | BC38: 65.243075 | BD38: 106.33 | BE38: 39346 | BF38: =BE38/60 -> 655.76667 | BG38: =BF38*BB38 -> 2.9992059 | BH38: =17.285*BG38^0.664 -> 35.842769 | BJ38: Dimensionless | BK38: =BK37/(1650*9.81*0.04364) -> 0.12093591 | BL38: =BL37/(1650*9.81*0.04364) -> 0.16622071
A39: 44776.376 | B39: 1.2803879e-07 | C39: 0.77710206 | D39: 60.452373 | E39: 0 | F39: =E39/60 -> 0 | G39: =F39*B39 -> 0 | H39: =17.285*G39^0.664 -> 0 | J39: 44781.376 | K39: 8.6926547e-07 | L39: 1.1599344 | M39: 61.03908 | N39: 0 | O39: =N39/60 -> 0 | P39: =O39*K39 -> 0 | Q39: =17.285*P39^0.664 -> 0 | S39: 45136.375 | T39: 0.0011741717 | U39: 0.99150227 | V39: 63.399721 | W39: 3378 | X39: =W39/60 -> 56.3 | Y39: =T39*X39 -> 0.066105867 | Z39: =17.285*Y39^0.664 -> 2.846484 | AB39: 45151.375 | AC39: 0.00096958263 | AD39: 62.414885 | AE39: 1423 | AF39: =AE39/60 -> 23.716667 | AG39: =AF39*AC39 -> 0.022995268 | AH39: =17.285*AG39^0.664 -> 1.4118785 | AJ39: 45166.375 | AK39: 0.0010361689 | AL39: 62.349765 | AM39: 1543 | AN39: =AM39/60 -> 25.716667 | AO39: =AN39*AK39 -> 0.02664681 | AP39: =17.285*AO39^0.664 -> 1.557033 | AR39: 45183.375 | AS39: 0.0005522623 | AT39: 0.39953382 | AU39: 63.337827 | AV39: 552 | AW39: =AV39/60 -> 9.2 | AX39: =AW39*AS39 -> 0.0050808132 | AY39: =17.285*AX39^0.664 -> 0.51809458 | BA39: 45031.094 | BB39: 0.004897358 | BC39: 61.053402 | BD39: 106.32 | BE39: 40215 | BF39: =BE39/60 -> 670.25 | BG39: =BF39*BB39 -> 3.2824542 | BH39: =17.285*BG39^0.664 -> 38.05619 | BJ39: 7) | BK39: Shortfall of D50 | BN39: 7) | BO39: Shortfall of D84
A40: 44776.386 | B40: 1.2629784e-07 | C40: 0.73831051 | D40: 60.437053 | E40: 0 | F40: =E40/60 -> 0 | G40: =F40*B40 -> 0 | H40: =17.285*G40^0.664 -> 0 | J40: 44781.386 | K40: 9.8526751e-07 | L40: 1.171593 | M40: 60.974058 | N40: 0 | O40: =N40/60 -> 0 | P40: =O40*K40 -> 0 | Q40: =17.285*P40^0.664 -> 0 | S40: 45136.385 | T40: 0.0015943103 | U40: 0.99150227 | V40: 63.237731 | W40: 3554 | X40: =W40/60 -> 59.233333 | Y40: =T40*X40 -> 0.094436312 | Z40: =17.285*Y40^0.664 -> 3.6071291 | AB40: 45151.385 | AC40: 0.00064802012 | AD40: 62.414885 | AE40: 396 | AF40: =AE40/60 -> 6.6 | AG40: =AF40*AC40 -> 0.0042769328 | AH40: =17.285*AG40^0.664 -> 0.46210569 | AJ40: 45166.385 | AK40: 0.0015932766 | AL40: 62.3158 | AM40: 3157 | AN40: =AM40/60 -> 52.616667 | AO40: =AN40*AK40 -> 0.083832904 | AP40: =17.285*AO40^0.664 -> 3.3328565 | AR40: 45183.385 | AS40: 0.00079036299 | AT40: 0.44894941 | AU40: 63.337827 | AV40: 735 | AW40: =AV40/60 -> 12.25 | AX40: =AW40*AS40 -> 0.0096819466 | AY40: =17.285*AX40^0.664 -> 0.79496609 | BA40: 45031.104 | BB40: 0.0041217141 | BC40: 57.814718 | BD40: 106.21 | BE40: 40449 | BF40: =BE40/60 -> 674.15 | BG40: =BF40*BB40 -> 2.7786535 | BH40: =17.285*BG40^0.664 -> 34.070258 | BK40: Mobile | BL40: Total | BM40: Dmax (mm) | BO40: Tau (Pa) | BP40: Dmax (mm)
A41: 44776.397 | B41: 8.349156e-08 | C41: 0.65388842 | D41: 60.390472 | E41: 0 | F41: =E41/60 -> 0 | G41: =F41*B41 -> 0 | H41: =17.285*G41^0.664 -> 0 | J41: 44781.397 | K41: 7.3400607e-07 | L41: 1.1429923 | M41: 60.974058 | N41: 0 | O41: =N41/60 -> 0 | P41: =O41*K41 -> 0 | Q41: =17.285*P41^0.664 -> 0 | S41: 45136.396 | T41: 0.0012371809 | U41: 0.99150227 | V41: 63.237731 | W41: 3550 | X41: =W41/60 -> 59.166667 | Y41: =T41*X41 -> 0.073199871 | Z41: =17.285*Y41^0.664 -> 3.04582 | AB41: 45151.396 | AC41: 0.00067921138 | AD41: 62.343558 | AE41: 566 | AF41: =AE41/60 -> 9.4333333 | AG41: =AF41*AC41 -> 0.0064072273 | AH41: =17.285*AG41^0.664 -> 0.60436367 | AJ41: 45166.396 | AK41: 0.0014438571 | AL41: 62.3158 | AM41: 2103 | AN41: =AM41/60 -> 35.05 | AO41: =AN41*AK41 -> 0.050607191 | AP41: =17.285*AO41^0.664 -> 2.3837807 | AR41: 45183.396 | AS41: 0.00045815336 | AT41: 0.29572638 | AU41: 63.179355 | AV41: 173 | AW41: =AV41/60 -> 2.8833333 | AX41: =AW41*AS41 -> 0.0013210089 | AY41: =17.285*AX41^0.664 -> 0.21181211 | BA41: 45031.115 | BB41: 0.0047222462 | BC41: 62.93365 | BD41: 106.11 | BE41: 40020 | BF41: =BE41/60 -> 667 | BG41: =BF41*BB41 -> 3.1497382 | BH41: =17.285*BG41^0.664 -> 37.027435 | BJ41: =BA1823 -> 45051.729 | BK41: =BC1823 -> 99.297599 | BL41: =BD1823 -> 119.84 | BM41: =BM36 -> 42.762443 | BN41: =BN36 -> 45044.125 | BO41: =BO36 -> 114.76 | BP41: =BP36 -> 101.10537
A42: 44776.407 | B42: 7.751085e-08 | C42: 0.66321231 | D42: 60.346197 | E42: 0 | F42: =E42/60 -> 0 | G42: =F42*B42 -> 0 | H42: =17.285*G42^0.664 -> 0 | J42: 44781.407 | K42: 8.2096639e-07 | L42: 1.1391713 | M42: 60.974058 | N42: 0 | O42: =N42/60 -> 0 | P42: =O42*K42 -> 0 | Q42: =17.285*P42^0.664 -> 0 | S42: 45136.406 | T42: 0.0014455957 | U42: 1.1451054 | V42: 63.237731 | W42: 5665 | X42: =W42/60 -> 94.416667 | Y42: =T42*X42 -> 0.13648832 | Z42: =17.285*Y42^0.664 -> 4.6065182 | AB42: 45151.406 | AC42: 0.00074816269 | AD42: 62.343558 | AE42: 591 | AF42: =AE42/60 -> 9.85 | AG42: =AF42*AC42 -> 0.0073694025 | AH42: =17.285*AG42^0.664 -> 0.66319985 | AJ42: 45166.406 | AK42: 0.0008861716 | AL42: 62.3158 | AM42: 1175 | AN42: =AM42/60 -> 19.583333 | AO42: =AN42*AK42 -> 0.017354194 | AP42: =17.285*AO42^0.664 -> 1.1712077 | AR42: 45183.406 | AS42: 0.0007042344 | AT42: 0.37677721 | AU42: 63.071137 | AV42: 427 | AW42: =AV42/60 -> 7.1166667 | AX42: =AW42*AS42 -> 0.0050118014 | AY42: =17.285*AX42^0.664 -> 0.51341116 | BA42: 45031.125 | BB42: 0.003904125 | BC42: 59.125991 | BD42: 106.11 | BE42: 40761 | BF42: =BE42/60 -> 679.35 | BG42: =BF42*BB42 -> 2.6522673 | BH42: =17.285*BG42^0.664 -> 33.033247 | BJ42: Dimensionless | BK42: =BK41/(1650*9.81*0.04364) -> 0.14057272 | BL42: =BL41/(1650*9.81*0.04364) -> 0.169654
A43: 44776.417 | B43: 1.4555067e-07 | C43: 0.7397278 | D43: 60.105067 | E43: 0 | F43: =E43/60 -> 0 | G43: =F43*B43 -> 0 | H43: =17.285*G43^0.664 -> 0 | J43: 44781.417 | K43: 7.562108e-07 | L43: 1.1265039 | M43: 60.951549 | N43: 0 | O43: =N43/60 -> 0 | P43: =O43*K43 -> 0 | Q43: =17.285*P43^0.664 -> 0 | S43: 45136.417 | T43: 0.0010477122 | U43: 0.89859415 | V43: 63.199403 | W43: 2228 | X43: =W43/60 -> 37.133333 | Y43: =T43*X43 -> 0.038905046 | Z43: =17.285*Y43^0.664 -> 2.0018583 | AB43: 45151.417 | AC43: 0.0010649934 | AD43: 62.343558 | AE43: 1032 | AF43: =AE43/60 -> 17.2 | AG43: =AF43*AC43 -> 0.018317886 | AH43: =17.285*AG43^0.664 -> 1.2139998 | AJ43: 45166.417 | AK43: 0.0013905419 | AL43: 62.3158 | AM43: 2086 | AN43: =AM43/60 -> 34.766667 | AO43: =AN43*AK43 -> 0.048344507 | AP43: =17.285*AO43^0.664 -> 2.3124688 | AR43: 45183.417 | AS43: 0.00074413637 | AT43: 0.37677721 | AU43: 63.071137 | AV43: 435 | AW43: =AV43/60 -> 7.25 | AX43: =AW43*AS43 -> 0.0053949887 | AY43: =17.285*AX43^0.664 -> 0.53915185 | BA43: 45031.135 | BB43: 0.0044288218 | BC43: 59.769842 | BD43: 105.98 | BE43: 40479 | BF43: =BE43/60 -> 674.65 | BG43: =BF43*BB43 -> 2.9879047 | BH43: =17.285*BG43^0.664 -> 35.753033
A44: 44776.428 | B44: 1.0303902e-07 | C44: 0.7233343 | D44: 59.519123 | E44: 0 | F44: =E44/60 -> 0 | G44: =F44*B44 -> 0 | H44: =17.285*G44^0.664 -> 0 | J44: 44781.428 | K44: 8.4164205e-07 | L44: 1.190277 | M44: 60.905992 | N44: 0 | O44: =N44/60 -> 0 | P44: =O44*K44 -> 0 | Q44: =17.285*P44^0.664 -> 0 | S44: 45136.427 | T44: 0.0015330688 | U44: 0.89859415 | V44: 63.074471 | W44: 2753 | X44: =W44/60 -> 45.883333 | Y44: =T44*X44 -> 0.070342307 | Z44: =17.285*Y44^0.664 -> 2.9663419 | AB44: 45151.427 | AC44: 0.0009117145 | AD44: 62.343558 | AE44: 628 | AF44: =AE44/60 -> 10.466667 | AG44: =AF44*AC44 -> 0.0095426118 | AH44: =17.285*AG44^0.664 -> 0.78735111 | AJ44: 45166.427 | AK44: 0.0013727592 | AL44: 62.3158 | AM44: 2325 | AN44: =AM44/60 -> 38.75 | AO44: =AN44*AK44 -> 0.05319442 | AP44: =17.285*AO44^0.664 -> 2.4640213 | AR44: 45183.427 | AS44: 0.0004591079 | AT44: 0.33439969 | AU44: 63.068643 | AV44: 299 | AW44: =AV44/60 -> 4.9833333 | AX44: =AW44*AS44 -> 0.0022878877 | AY44: =17.285*AX44^0.664 -> 0.30502401 | BA44: 45031.146 | BB44: 0.0043657583 | BC44: 59.769842 | BD44: 105.82 | BE44: 40606 | BF44: =BE44/60 -> 676.76667 | BG44: =BF44*BB44 -> 2.9545997 | BH44: =17.285*BG44^0.664 -> 35.487915
A45: 44776.438 | B45: 1.013813e-07 | C45: 0.71002782 | D45: 59.155652 | E45: 0 | F45: =E45/60 -> 0 | G45: =F45*B45 -> 0 | H45: =17.285*G45^0.664 -> 0 | J45: 44781.438 | K45: 1.143894e-06 | L45: 1.2284928 | M45: 60.951549 | N45: 0 | O45: =N45/60 -> 0 | P45: =O45*K45 -> 0 | Q45: =17.285*P45^0.664 -> 0 | S45: 45136.438 | T45: 0.0010573716 | U45: 0.85535298 | V45: 62.924494 | W45: 2104 | X45: =W45/60 -> 35.066667 | Y45: =T45*X45 -> 0.037078496 | Z45: =17.285*Y45^0.664 -> 1.9389494 | AB45: 45151.438 | AC45: 0.00071571484 | AD45: 62.212419 | AE45: 535 | AF45: =AE45/60 -> 8.9166667 | AG45: =AF45*AC45 -> 0.0063817907 | AH45: =17.285*AG45^0.664 -> 0.60276946 | AJ45: 45166.438 | AK45: 0.0013900389 | AL45: 62.3158 | AM45: 3145 | AN45: =AM45/60 -> 52.416667 | AO45: =AN45*AK45 -> 0.072861208 | AP45: =17.285*AO45^0.664 -> 3.0364559 | AR45: 45183.438 | AS45: 0.00059909397 | AT45: 0.39993655 | AU45: 63.068643 | AV45: 556 | AW45: =AV45/60 -> 9.2666667 | AX45: =AW45*AS45 -> 0.0055516041 | AY45: =17.285*AX45^0.664 -> 0.54949439 | BA45: 45031.156 | BB45: 0.0043233674 | BC45: 57.814718 | BD45: 105.75 | BE45: 39457 | BF45: =BE45/60 -> 657.61667 | BG45: =BF45*BB45 -> 2.8431185 | BH45: =17.285*BG45^0.664 -> 34.59308
A46: 44776.449 | B46: 1.1198406e-07 | C46: 0.72868923 | D46: 59.101038 | E46: 0 | F46: =E46/60 -> 0 | G46: =F46*B46 -> 0 | H46: =17.285*G46^0.664 -> 0 | J46: 44781.449 | K46: 9.9576696e-07 | L46: 1.2126181 | M46: 60.97547 | N46: 0 | O46: =N46/60 -> 0 | P46: =O46*K46 -> 0 | Q46: =17.285*P46^0.664 -> 0 | S46: 45136.448 | T46: 0.0006858932 | U46: 0.66228852 | V46: 62.750492 | W46: 639 | X46: =W46/60 -> 10.65 | Y46: =T46*X46 -> 0.0073047626 | Z46: =17.285*Y46^0.664 -> 0.65933152 | AB46: 45151.448 | AC46: 0.0010011793 | AD46: 62.212419 | AE46: 860 | AF46: =AE46/60 -> 14.333333 | AG46: =AF46*AC46 -> 0.014350236 | AH46: =17.285*AG46^0.664 -> 1.0323425 | AJ46: 45166.448 | AK46: 0.0017626679 | AL46: 62.3158 | AM46: 3379 | AN46: =AM46/60 -> 56.316667 | AO46: =AN46*AK46 -> 0.09926758 | AP46: =17.285*AO46^0.664 -> 3.728632 | AR46: 45183.448 | AS46: 0.0007392088 | AT46: 0.44894941 | AU46: 63.068643 | AV46: 592 | AW46: =AV46/60 -> 9.8666667 | AX46: =AW46*AS46 -> 0.0072935269 | AY46: =17.285*AX46^0.664 -> 0.65865796 | BA46: 45031.167 | BB46: 0.0045644899 | BC46: 62.93365 | BD46: 105.63 | BE46: 39872 | BF46: =BE46/60 -> 664.53333 | BG46: =BF46*BB46 -> 3.0332557 | BH46: =17.285*BG46^0.664 -> 36.112452
A47: 44776.459 | B47: 7.551592e-08 | C47: 0.66863319 | D47: 59.052608 | E47: 0 | F47: =E47/60 -> 0 | G47: =F47*B47 -> 0 | H47: =17.285*G47^0.664 -> 0 | J47: 44781.459 | K47: 9.5805424e-07 | L47: 1.2029581 | M47: 60.97547 | N47: 0 | O47: =N47/60 -> 0 | P47: =O47*K47 -> 0 | Q47: =17.285*P47^0.664 -> 0 | S47: 45136.458 | T47: 0.00039099546 | U47: 0.47569238 | V47: 62.542107 | W47: 76 | X47: =W47/60 -> 1.2666667 | Y47: =T47*X47 -> 0.00049526092 | Z47: =17.285*Y47^0.664 -> 0.11041783 | AB47: 45151.458 | AC47: 0.00075270095 | AD47: 62.150665 | AE47: 617 | AF47: =AE47/60 -> 10.283333 | AG47: =AF47*AC47 -> 0.0077402748 | AH47: =17.285*AG47^0.664 -> 0.68517833 | AJ47: 45166.458 | AK47: 0.0018154402 | AL47: 62.3158 | AM47: 3514 | AN47: =AM47/60 -> 58.566667 | AO47: =AN47*AK47 -> 0.10632428 | AP47: =17.285*AO47^0.664 -> 3.9025937 | AR47: 45183.458 | AS47: 0.00062267033 | AT47: 0.37677721 | AU47: 63.068643 | AV47: 401 | AW47: =AV47/60 -> 6.6833333 | AX47: =AW47*AS47 -> 0.0041615133 | AY47: =17.285*AX47^0.664 -> 0.4537872 | BA47: 45031.177 | BB47: 0.0042568091 | BC47: 58.466045 | BD47: 105.49 | BE47: 40024 | BF47: =BE47/60 -> 667.06667 | BG47: =BF47*BB47 -> 2.8395755 | BH47: =17.285*BG47^0.664 -> 34.56445
A48: 44776.469 | B48: 8.9569897e-08 | C48: 0.657947 | D48: 58.99961 | E48: 0 | F48: =E48/60 -> 0 | G48: =F48*B48 -> 0 | H48: =17.285*G48^0.664 -> 0 | J48: 44781.469 | K48: 8.6436719e-07 | L48: 1.1786704 | M48: 61.048175 | N48: 0 | O48: =N48/60 -> 0 | P48: =O48*K48 -> 0 | Q48: =17.285*P48^0.664 -> 0 | S48: 45136.469 | T48: 0.00085107185 | U48: 0.77321039 | V48: 62.490315 | W48: 1185 | X48: =W48/60 -> 19.75 | Y48: =T48*X48 -> 0.016808669 | Z48: =17.285*Y48^0.664 -> 1.1466306 | AB48: 45151.469 | AC48: 0.00082098266 | AD48: 62.150665 | AE48: 637 | AF48: =AE48/60 -> 10.616667 | AG48: =AF48*AC48 -> 0.0087160992 | AH48: =17.285*AG48^0.664 -> 0.74138416 | AJ48: 45166.469 | AK48: 0.0011098925 | AL48: 62.384473 | AM48: 2159 | AN48: =AM48/60 -> 35.983333 | AO48: =AN48*AK48 -> 0.039937632 | AP48: =17.285*AO48^0.664 -> 2.0369822 | AR48: 45183.469 | AS48: 0.00071830124 | AT48: 0.44894941 | AU48: 63.068643 | AV48: 597 | AW48: =AV48/60 -> 9.95 | AX48: =AW48*AS48 -> 0.0071470974 | AY48: =17.285*AX48^0.664 -> 0.64984758 | BA48: 45031.188 | BB48: 0.0045506231 | BC48: 59.769842 | BD48: 105.47 | BE48: 39252 | BF48: =BE48/60 -> 654.2 | BG48: =BF48*BB48 -> 2.9770176 | BH48: =17.285*BG48^0.664 -> 35.666479
A49: 44776.48 | B49: 9.9278824e-08 | C49: 0.69552619 | D49: 58.952979 | E49: 0 | F49: =E49/60 -> 0 | G49: =F49*B49 -> 0 | H49: =17.285*G49^0.664 -> 0 | J49: 44781.48 | K49: 1.1182665e-06 | L49: 1.2516538 | M49: 61.048175 | N49: 0 | O49: =N49/60 -> 0 | P49: =O49*K49 -> 0 | Q49: =17.285*P49^0.664 -> 0 | S49: 45136.479 | T49: 0.00054500007 | U49: 0.56216848 | V49: 62.490315 | W49: 439 | X49: =W49/60 -> 7.3166667 | Y49: =T49*X49 -> 0.0039875839 | Z49: =17.285*Y49^0.664 -> 0.44110371 | AB49: 45151.479 | AC49: 0.00045953233 | AD49: 62.150665 | AE49: 189 | AF49: =AE49/60 -> 3.15 | AG49: =AF49*AC49 -> 0.0014475268 | AH49: =17.285*AG49^0.664 -> 0.22507407 | AJ49: 45166.479 | AK49: 0.0010942708 | AL49: 62.384473 | AM49: 2174 | AN49: =AM49/60 -> 36.233333 | AO49: =AN49*AK49 -> 0.039649078 | AP49: =17.285*AO49^0.664 -> 2.0271979 | AR49: 45183.479 | AS49: 0.00073231528 | AT49: 0.44894941 | AU49: 63.071137 | AV49: 739 | AW49: =AV49/60 -> 12.316667 | AX49: =AW49*AS49 -> 0.0090196832 | AY49: =17.285*AX49^0.664 -> 0.75843156 | BA49: 45031.198 | BB49: 0.0040343812 | BC49: 59.769842 | BD49: 105.46 | BE49: 38660 | BF49: =BE49/60 -> 644.33333 | BG49: =BF49*BB49 -> 2.5994863 | BH49: =17.285*BG49^0.664 -> 32.595279
A50: 44776.49 | B50: 1.1433541e-07 | C50: 0.73331566 | D50: 58.936521 | E50: 0 | F50: =E50/60 -> 0 | G50: =F50*B50 -> 0 | H50: =17.285*G50^0.664 -> 0 | J50: 44781.49 | K50: 1.2255002e-06 | L50: 1.2937263 | M50: 61.048175 | N50: 0 | O50: =N50/60 -> 0 | P50: =O50*K50 -> 0 | Q50: =17.285*P50^0.664 -> 0 | S50: 45136.49 | T50: 0.00094770922 | U50: 0.73432994 | V50: 62.490315 | W50: 956 | X50: =W50/60 -> 15.933333 | Y50: =T50*X50 -> 0.015100167 | Z50: =17.285*Y50^0.664 -> 1.0678574 | AB50: 45151.49 | AC50: 0.00078382965 | AD50: 62.150665 | AE50: 949 | AF50: =AE50/60 -> 15.816667 | AG50: =AF50*AC50 -> 0.012397572 | AH50: =17.285*AG50^0.664 -> 0.93679577 | AJ50: 45166.49 | AK50: 0.0016977155 | AL50: 62.548041 | AM50: 3461 | AN50: =AM50/60 -> 57.683333 | AO50: =AN50*AK50 -> 0.097929887 | AP50: =17.285*AO50^0.664 -> 3.6951929 | AR50: 45183.49 | AS50: 0.00065784727 | AT50: 0.44894941 | AU50: 63.071137 | AV50: 642 | AW50: =AV50/60 -> 10.7 | AX50: =AW50*AS50 -> 0.0070389658 | AY50: =17.285*AX50^0.664 -> 0.64330254 | BA50: 45031.208 | BB50: 0.0045148649 | BC50: 62.923033 | BD50: 105.45 | BE50: 39176 | BF50: =BE50/60 -> 652.93333 | BG50: =BF50*BB50 -> 2.9479058 | BH50: =17.285*BG50^0.664 -> 35.434508
A51: 44776.501 | B51: 1.4599432e-07 | C51: 0.74682703 | D51: 58.936521 | E51: 0 | F51: =E51/60 -> 0 | G51: =F51*B51 -> 0 | H51: =17.285*G51^0.664 -> 0 | J51: 44781.501 | K51: 8.0354235e-07 | L51: 1.1877777 | M51: 61.048175 | N51: 0 | O51: =N51/60 -> 0 | P51: =O51*K51 -> 0 | Q51: =17.285*P51^0.664 -> 0 | S51: 45136.5 | T51: 0.0012759582 | U51: 0.85462156 | V51: 62.490315 | W51: 1958 | X51: =W51/60 -> 32.633333 | Y51: =T51*X51 -> 0.04163877 | Z51: =17.285*Y51^0.664 -> 2.0941895 | AB51: 45151.5 | AC51: 0.00054901173 | AD51: 62.150665 | AE51: 461 | AF51: =AE51/60 -> 7.6833333 | AG51: =AF51*AC51 -> 0.0042182401 | AH51: =17.285*AG51^0.664 -> 0.45788516 | AJ51: 45166.5 | AK51: 0.0013129684 | AL51: 62.548041 | AM51: 1914 | AN51: =AM51/60 -> 31.9 | AO51: =AN51*AK51 -> 0.041883693 | AP51: =17.285*AO51^0.664 -> 2.1023608 | AR51: 45183.5 | AS51: 0.00070001507 | AT51: 0.44894941 | AU51: 63.044887 | AV51: 772 | AW51: =AV51/60 -> 12.866667 | AX51: =AW51*AS51 -> 0.0090068606 | AY51: =17.285*AX51^0.664 -> 0.75771546 | BA51: 45031.219 | BB51: 0.0047445617 | BC51: 62.923033 | BD51: 105.37 | BE51: 39163 | BF51: =BE51/60 -> 652.71667 | BG51: =BF51*BB51 -> 3.0968545 | BH51: =17.285*BG51^0.664 -> 36.613462
A52: 44776.511 | B52: 1.3323298e-07 | C52: 0.76967573 | D52: 58.915807 | E52: 0 | F52: =E52/60 -> 0 | G52: =F52*B52 -> 0 | H52: =17.285*G52^0.664 -> 0 | J52: 44781.511 | K52: 8.0728139e-07 | L52: 1.1418041 | M52: 61.048175 | N52: 0 | O52: =N52/60 -> 0 | P52: =O52*K52 -> 0 | Q52: =17.285*P52^0.664 -> 0 | S52: 45136.51 | T52: 0.00078549421 | U52: 0.77253753 | V52: 62.490315 | W52: 1123 | X52: =W52/60 -> 18.716667 | Y52: =T52*X52 -> 0.014701833 | Z52: =17.285*Y52^0.664 -> 1.049069 | AB52: 45151.51 | AC52: 0.00059629216 | AD52: 62.150665 | AE52: 454 | AF52: =AE52/60 -> 7.5666667 | AG52: =AF52*AC52 -> 0.004511944 | AH52: =17.285*AG52^0.664 -> 0.47881405 | AJ52: 45166.51 | AK52: 0.021282733 | AL52: 66.817716 | AM52: 9155 | AN52: =AM52/60 -> 152.58333 | AO52: =AN52*AK52 -> 3.2473904 | AP52: =17.285*AO52^0.664 -> 37.785771 | AR52: 45183.51 | AS52: 0.00096439018 | AT52: 0.44894941 | AU52: 63.044887 | AV52: 674 | AW52: =AV52/60 -> 11.233333 | AX52: =AW52*AS52 -> 0.010833316 | AY52: =17.285*AX52^0.664 -> 0.85654655 | BA52: 45031.229 | BB52: 0.0043728905 | BC52: 57.814718 | BD52: 105.28 | BE52: 39346 | BF52: =BE52/60 -> 655.76667 | BG52: =BF52*BB52 -> 2.8675958 | BH52: =17.285*BG52^0.664 -> 34.79055
A53: 44776.522 | B53: 1.2776117e-07 | C53: 0.74777913 | D53: 58.915807 | E53: 0 | F53: =E53/60 -> 0 | G53: =F53*B53 -> 0 | H53: =17.285*G53^0.664 -> 0 | J53: 44781.522 | K53: 1.1238477e-06 | L53: 1.257848 | M53: 61.122168 | N53: 0 | O53: =N53/60 -> 0 | P53: =O53*K53 -> 0 | Q53: =17.285*P53^0.664 -> 0 | S53: 45136.521 | T53: 0.00089592374 | U53: 0.85462156 | V53: 62.490315 | W53: 1670 | X53: =W53/60 -> 27.833333 | Y53: =T53*X53 -> 0.024936544 | Z53: =17.285*Y53^0.664 -> 1.4899396 | AB53: 45151.521 | AC53: 0.00076942551 | AD53: 62.150665 | AE53: 686 | AF53: =AE53/60 -> 11.433333 | AG53: =AF53*AC53 -> 0.0087970983 | AH53: =17.285*AG53^0.664 -> 0.74595181 | AJ53: 45166.521 | AK53: 0.0096990608 | AL53: 66.817716 | AM53: 15838 | AN53: =AM53/60 -> 263.96667 | AO53: =AN53*AK53 -> 2.5602287 | AP53: =17.285*AO53^0.664 -> 32.267587 | AR53: 45183.521 | AS53: 0.00077469817 | AT53: 0.37677721 | AU53: 63.071137 | AV53: 878 | AW53: =AV53/60 -> 14.633333 | AX53: =AW53*AS53 -> 0.011336417 | AY53: =17.285*AX53^0.664 -> 0.88275729 | BA53: 45031.24 | BB53: 0.004802834 | BC53: 59.769842 | BD53: 105.23 | BE53: 39338 | BF53: =BE53/60 -> 655.63333 | BG53: =BF53*BB53 -> 3.1488981 | BH53: =17.285*BG53^0.664 -> 37.020877
A54: 44776.532 | B54: 1.185945e-07 | C54: 0.71824162 | D54: 58.915807 | E54: 0 | F54: =E54/60 -> 0 | G54: =F54*B54 -> 0 | H54: =17.285*G54^0.664 -> 0 | J54: 44781.532 | K54: 1.3843005e-06 | L54: 1.3324553 | M54: 61.234793 | N54: 0 | O54: =N54/60 -> 0 | P54: =O54*K54 -> 0 | Q54: =17.285*P54^0.664 -> 0 | S54: 45136.531 | T54: 0.0010867902 | U54: 0.89783228 | V54: 62.588072 | W54: 3684 | X54: =W54/60 -> 61.4 | Y54: =T54*X54 -> 0.066728916 | Z54: =17.285*Y54^0.664 -> 2.8642698 | AB54: 45151.531 | AC54: 0.0008405695 | AD54: 62.150665 | AE54: 755 | AF54: =AE54/60 -> 12.583333 | AG54: =AF54*AC54 -> 0.010577166 | AH54: =17.285*AG54^0.664 -> 0.84304473 | AJ54: 45166.531 | AK54: 0.010051878 | AL54: 67.463942 | AM54: 16755 | AN54: =AM54/60 -> 279.25 | AO54: =AN54*AK54 -> 2.8069869 | AP54: =17.285*AO54^0.664 -> 34.300543 | AR54: 45183.531 | AS54: 0.00072093317 | AT54: 0.44894941 | AU54: 63.071137 | AV54: 698 | AW54: =AV54/60 -> 11.633333 | AX54: =AW54*AS54 -> 0.0083868559 | AY54: =17.285*AX54^0.664 -> 0.72266869 | BA54: 45031.25 | BB54: 0.0051323478 | BC54: 58.466045 | BD54: 105.15 | BE54: 39746 | BF54: =BE54/60 -> 662.43333 | BG54: =BF54*BB54 -> 3.3998383 | BH54: =17.285*BG54^0.664 -> 38.954503
... A84: 44776.844 | B84: 4.5000964e-05 | C84: 3.1883263 | D84: 63.369656 | E84: 0 | F84: =E84/60 -> 0 | G84: =F84*B84 -> 0 | H84: =17.285*G84^0.664 -> 0 | J84: 44781.844 | K84: 0.00061092602 | L84: 7.4050236 | M84: 65.605305 | N84: 901 | O84: =N84/60 -> 15.016667 | P84: =O84*K84 -> 0.0091740724 | Q84: =17.285*P84^0.664 -> 0.76702701 | S84: 45136.833 | T84: 0.0034457087 | U84: 1.8086266 | V84: 67.682987 | W84: 13930 | X84: =W84/60 -> 232.16667 | Y84: =T84*X84 -> 0.79997871 | Z84: =17.285*Y84^0.664 -> 14.904364 | AB84: 45151.844 | AC84: 0.0028563372 | AD84: 67.723575 | AE84: 12701 | AF84: =AE84/60 -> 211.68333 | AG84: =AF84*AC84 -> 0.60463898 | AH84: =17.285*AG84^0.664 -> 12.376072 | AJ84: 45166.844 | AK84: 0.0017054373 | AL84: 62.283229 | AM84: 3838 | AN84: =AM84/60 -> 63.966667 | AO84: =AN84*AK84 -> 0.10909114 | AP84: =17.285*AO84^0.664 -> 3.9697357 | AR84: 45183.844 | AS84: 0.016009444 | AT84: 1.8895047 | AU84: 68.287983 | AV84: 10736 | AW84: =AV84/60 -> 178.93333 | AX84: =AW84*AS84 -> 2.8646232 | AY84: =17.285*AX84^0.664 -> 34.766599 | BA84: 45031.562 | BB84: 0.0041923762 | BC84: 50.381721 | BD84: 100.58 | BE84: 36568 | BF84: =BE84/60 -> 609.46667 | BG84: =BF84*BB84 -> 2.5551136 | BH84: =17.285*BG84^0.664 -> 32.224765
A85: 44776.855 | B85: 3.0130742e-05 | C85: 2.8661625 | D85: 63.144032 | E85: 0 | F85: =E85/60 -> 0 | G85: =F85*B85 -> 0 | H85: =17.285*G85^0.664 -> 0 | J85: 44781.855 | K85: 0.00034973644 | L85: 6.343297 | M85: 65.127038 | N85: 302 | O85: =N85/60 -> 5.0333333 | P85: =O85*K85 -> 0.0017603401 | Q85: =17.285*P85^0.664 -> 0.25629817 | S85: 45136.844 | T85: 0.0055822349 | U85: 2.1522282 | V85: 66.343366 | W85: 18291 | X85: =W85/60 -> 304.85 | Y85: =T85*X85 -> 1.7017443 | Z85: =17.285*Y85^0.664 -> 24.602725 | AB85: 45151.854 | AC85: 0.0050179215 | AD85: 67.723575 | AE85: 19213 | AF85: =AE85/60 -> 320.21667 | AG85: =AF85*AC85 -> 1.6068221 | AH85: =17.285*AG85^0.664 -> 23.682743 | AJ85: 45166.854 | AK85: 0.001887025 | AL85: 62.374322 | AM85: 3976 | AN85: =AM85/60 -> 66.266667 | AO85: =AN85*AK85 -> 0.12504686 | AP85: =17.285*AO85^0.664 -> 4.3463601 | AR85: 45183.854 | AS85: 0.014565579 | AT85: 1.5821857 | AU85: 66.698312 | AV85: 11999 | AW85: =AV85/60 -> 199.98333 | AX85: =AW85*AS85 -> 2.912873 | AY85: =17.285*AX85^0.664 -> 35.154335 | BA85: 45031.573 | BB85: 0.010909375 | BC85: 50.381721 | BD85: 100.69 | BE85: 37639 | BF85: =BE85/60 -> 627.31667 | BG85: =BF85*BB85 -> 6.8436328 | BH85: =17.285*BG85^0.664 -> 61.986877 | BI85: impact
A86: 44776.865 | B86: 2.1020869e-05 | C86: 2.6512378 | D86: 63.074048 | E86: 0 | F86: =E86/60 -> 0 | G86: =F86*B86 -> 0 | H86: =17.285*G86^0.664 -> 0 | J86: 44781.865 | K86: 0.00013096808 | L86: 4.9490584 | M86: 65.206911 | N86: 44 | O86: =N86/60 -> 0.73333333 | P86: =O86*K86 -> 9.6043257e-05 | Q86: =17.285*P86^0.664 -> 0.037155866 | S86: 45136.854 | T86: 0.0051405048 | U86: 1.8895047 | V86: 67.790698 | W86: 15386 | X86: =W86/60 -> 256.43333 | Y86: =T86*X86 -> 1.3181968 | Z86: =17.285*Y86^0.664 -> 20.765207 | AB86: 45151.865 | AC86: 0.0047194458 | AD86: 67.723575 | AE86: 18952 | AF86: =AE86/60 -> 315.86667 | AG86: =AF86*AC86 -> 1.4907156 | AH86: =17.285*AG86^0.664 -> 22.532197 | AJ86: 45166.865 | AK86: 0.0021104833 | AL86: 62.401204 | AM86: 3838 | AN86: =AM86/60 -> 63.966667 | AO86: =AN86*AK86 -> 0.13500058 | AP86: =17.285*AO86^0.664 -> 4.5731163 | AR86: 45183.865 | AS86: 0.017498217 | AT86: 1.5821857 | AU86: 66.698312 | AV86: 11822 | AW86: =AV86/60 -> 197.03333 | AX86: =AW86*AS86 -> 3.447732 | AY86: =17.285*AX86^0.664 -> 39.318019 | BA86: 45031.583 | BB86: 0.0034269809 | BC86: 46.878742 | BD86: 100.75 | BE86: 37503 | BF86: =BE86/60 -> 625.05 | BG86: =BF86*BB86 -> 2.1420344 | BH86: =17.285*BG86^0.664 -> 28.664089
A87: 44776.876 | B87: 2.063297e-05 | C87: 2.6445851 | D87: 62.845319 | E87: 0 | F87: =E87/60 -> 0 | G87: =F87*B87 -> 0 | H87: =17.285*G87^0.664 -> 0 | J87: 44781.876 | K87: 0.00035556397 | L87: 6.3638282 | M87: 65.104682 | N87: 314 | O87: =N87/60 -> 5.2333333 | P87: =O87*K87 -> 0.0018607848 | Q87: =17.285*P87^0.664 -> 0.26591793 | S87: 45136.865 | T87: 0.0043701007 | U87: 2.1522282 | V87: 67.833657 | W87: 18351 | X87: =W87/60 -> 305.85 | Y87: =T87*X87 -> 1.3365953 | Z87: =17.285*Y87^0.664 -> 20.957204 | AB87: 45151.875 | AC87: 0.002874692 | AD87: 67.285048 | AE87: 13111 | AF87: =AE87/60 -> 218.51667 | AG87: =AF87*AC87 -> 0.62816811 | AH87: =17.285*AG87^0.664 -> 12.693804 | AJ87: 45166.875 | AK87: 0.0017523964 | AL87: 62.466215 | AM87: 3702 | AN87: =AM87/60 -> 61.7 | AO87: =AN87*AK87 -> 0.10812286 | AP87: =17.285*AO87^0.664 -> 3.9463048 | AR87: 45183.875 | AS87: 0.01409203 | AT87: 1.5821857 | AU87: 66.698312 | AV87: 11695 | AW87: =AV87/60 -> 194.91667 | AX87: =AW87*AS87 -> 2.7467715 | AY87: =17.285*AX87^0.664 -> 33.810185 | BA87: 45031.594 | BB87: 0.0058539699 | BC87: 46.878742 | BD87: 100.88 | BE87: 39110 | BF87: =BE87/60 -> 651.83333 | BG87: =BF87*BB87 -> 3.8158127 | BH87: =17.285*BG87^0.664 -> 42.057474
A88: 44776.917 | B88: 1.7944876e-05 | C88: 2.3885584 | D88: 62.661679 | E88: 0 | F88: =E88/60 -> 0 | G88: =F88*B88 -> 0 | H88: =17.285*G88^0.664 -> 0 | J88: 44781.886 | K88: 0.00040571526 | L88: 6.4040721 | M88: 65.286785 | N88: 341 | O88: =N88/60 -> 5.6833333 | P88: =O88*K88 -> 0.002305815 | Q88: =17.285*P88^0.664 -> 0.30660895 | S88: 45136.875 | T88: 0.0048201407 | U88: 2.3419653 | V88: 66.125507 | W88: 20556 | X88: =W88/60 -> 342.6 | Y88: =T88*X88 -> 1.6513802 | Z88: =17.285*Y88^0.664 -> 24.116809 | AB88: 45151.885 | AC88: 0.0022522501 | AD88: 67.825456 | AE88: 9918 | AF88: =AE88/60 -> 165.3 | AG88: =AF88*AC88 -> 0.37229695 | AH88: =17.285*AG88^0.664 -> 8.9689168 | AJ88: 45166.885 | AK88: 0.0016412156 | AL88: 62.516117 | AM88: 2974 | AN88: =AM88/60 -> 49.566667 | AO88: =AN88*AK88 -> 0.081349587 | AP88: =17.285*AO88^0.664 -> 3.2669714 | AR88: 45183.885 | AS88: 0.018007789 | AT88: 1.5821857 | AU88: 66.698312 | AV88: 11389 | AW88: =AV88/60 -> 189.81667 | AX88: =AW88*AS88 -> 3.4181785 | AY88: =17.285*AX88^0.664 -> 39.093908 | BA88: 45031.604 | BB88: 0.0042523276 | BC88: 48.986319 | BD88: 100.88 | BE88: 38748 | BF88: =BE88/60 -> 645.8 | BG88: =BF88*BB88 -> 2.7461532 | BH88: =17.285*BG88^0.664 -> 33.805131
A89: 44776.949 | B89: 1.9960836e-05 | C89: 2.48284 | D89: 62.484833 | E89: 0 | F89: =E89/60 -> 0 | G89: =F89*B89 -> 0 | H89: =17.285*G89^0.664 -> 0 | J89: 44781.897 | K89: 0.00016808802 | L89: 5.261297 | M89: 65.044777 | N89: 69 | O89: =N89/60 -> 1.15 | P89: =O89*K89 -> 0.00019330122 | Q89: =17.285*P89^0.664 -> 0.059119282 | S89: 45136.885 | T89: 0.0027456971 | U89: 1.6544613 | V89: 65.330381 | W89: 12283 | X89: =W89/60 -> 204.71667 | Y89: =T89*X89 -> 0.56208996 | Z89: =17.285*Y89^0.664 -> 11.790723 | AB89: 45151.896 | AC89: 0.0016953728 | AD89: 67.285048 | AE89: 7024 | AF89: =AE89/60 -> 117.06667 | AG89: =AF89*AC89 -> 0.19847164 | AH89: =17.285*AG89^0.664 -> 5.906649 | AJ89: 45166.896 | AK89: 0.0015826845 | AL89: 62.516117 | AM89: 3228 | AN89: =AM89/60 -> 53.8 | AO89: =AN89*AK89 -> 0.085148426 | AP89: =17.285*AO89^0.664 -> 3.3674927 | AR89: 45183.896 | AS89: 0.016944176 | AT89: 1.5821857 | AU89: 66.37639 | AV89: 11567 | AW89: =AV89/60 -> 192.78333 | AX89: =AW89*AS89 -> 3.2665547 | AY89: =17.285*AX89^0.664 -> 37.933691 | BA89: 45031.615 | BB89: 0.0037714417 | BC89: 45.467225 | BD89: 100.88 | BE89: 39096 | BF89: =BE89/60 -> 651.6 | BG89: =BF89*BB89 -> 2.4574714 | BH89: =17.285*BG89^0.664 -> 31.401741
A90: 44776.959 | B90: 2.1097365e-05 | C90: 2.5050374 | D90: 62.39682 | E90: 0 | F90: =E90/60 -> 0 | G90: =F90*B90 -> 0 | H90: =17.285*G90^0.664 -> 0 | J90: 44781.907 | K90: 0.00023389917 | L90: 5.4874552 | M90: 65.048412 | N90: 90 | O90: =N90/60 -> 1.5 | P90: =O90*K90 -> 0.00035084876 | Q90: =17.285*P90^0.664 -> 0.087827197 | S90: 45136.896 | T90: 0.0028154092 | U90: 1.512592 | V90: 65.58259 | W90: 8582 | X90: =W90/60 -> 143.03333 | Y90: =T90*X90 -> 0.40269736 | Z90: =17.285*Y90^0.664 -> 9.4487705 | AB90: 45151.906 | AC90: 0.0026902046 | AD90: 66.739239 | AE90: 12703 | AF90: =AE90/60 -> 211.71667 | AG90: =AF90*AC90 -> 0.56956115 | AH90: =17.285*AG90^0.664 -> 11.894555 | AJ90: 45166.906 | AK90: 0.001534938 | AL90: 62.522434 | AM90: 1985 | AN90: =AM90/60 -> 33.083333 | AO90: =AN90*AK90 -> 0.050780866 | AP90: =17.285*AO90^0.664 -> 2.3892096 | AR90: 45183.906 | AS90: 0.013832651 | AT90: 1.3790541 | AU90: 66.67406 | AV90: 12100 | AW90: =AV90/60 -> 201.66667 | AX90: =AW90*AS90 -> 2.7895846 | AY90: =17.285*AX90^0.664 -> 34.159196 | BA90: 45031.625 | BB90: 0.0038188859 | BC90: 50.381721 | BD90: 100.88 | BE90: 39452 | BF90: =BE90/60 -> 657.53333 | BG90: =BF90*BB90 -> 2.5110448 | BH90: =17.285*BG90^0.664 -> 31.854643
A91: 44776.969 | B91: 1.3914487e-05 | C91: 2.2485533 | D91: 62.336553 | E91: 0 | F91: =E91/60 -> 0 | G91: =F91*B91 -> 0 | H91: =17.285*G91^0.664 -> 0 | J91: 44781.917 | K91: 0.00019299289 | L91: 5.207625 | M91: 65.041141 | N91: 90 | O91: =N91/60 -> 1.5 | P91: =O91*K91 -> 0.00028948933 | Q91: =17.285*P91^0.664 -> 0.077302476 | S91: 45136.906 | T91: 0.0022560342 | U91: 1.6544613 | V91: 67.574917 | W91: 10973 | X91: =W91/60 -> 182.88333 | Y91: =T91*X91 -> 0.41259105 | Z91: =17.285*Y91^0.664 -> 9.6022837 | AB91: 45151.917 | AC91: 0.0017173808 | AD91: 66.269541 | AE91: 3223 | AF91: =AE91/60 -> 53.716667 | AG91: =AF91*AC91 -> 0.092251975 | AH91: =17.285*AG91^0.664 -> 3.5515115 | AJ91: 45166.917 | AK91: 0.0019251273 | AL91: 62.590724 | AM91: 2403 | AN91: =AM91/60 -> 40.05 | AO91: =AN91*AK91 -> 0.077101349 | AP91: =17.285*AO91^0.664 -> 3.1526702 | AR91: 45183.917 | AS91: 0.014574589 | AT91: 1.4444654 | AU91: 66.11338 | AV91: 11973 | AW91: =AV91/60 -> 199.55 | AX91: =AW91*AS91 -> 2.9083592 | AY91: =17.285*AX91^0.664 -> 35.118155 | BA91: 45031.635 | BB91: 0.0042536853 | BC91: 54.49339 | BD91: 100.88 | BE91: 40493 | BF91: =BE91/60 -> 674.88333 | BG91: =BF91*BB91 -> 2.8707413 | BH91: =17.285*BG91^0.664 -> 34.815885
A92: 44776.98 | B92: 1.0880696e-05 | C92: 2.1564305 | D92: 62.336553 | E92: 0 | F92: =E92/60 -> 0 | G92: =F92*B92 -> 0 | H92: =17.285*G92^0.664 -> 0 | J92: 44781.928 | K92: 0.0001124626 | L92: 4.6292119 | M92: 64.885214 | N92: 29 | O92: =N92/60 -> 0.48333333 | P92: =O92*K92 -> 5.4356925e-05 | Q92: =17.285*P92^0.664 -> 0.025461186 | S92: 45136.917 | T92: 0.0036632414 | U92: 2.1522282 | V92: 65.433452 | W92: 18504 | X92: =W92/60 -> 308.4 | Y92: =T92*X92 -> 1.1297436 | Z92: =17.285*Y92^0.664 -> 18.743386 | AB92: 45151.927 | AC92: 0.0011725512 | AD92: 65.945562 | AE92: 2776 | AF92: =AE92/60 -> 46.266667 | AG92: =AF92*AC92 -> 0.054250037 | AH92: =17.285*AG92^0.664 -> 2.4963818 | AJ92: 45166.927 | AK92: 0.0015010446 | AL92: 62.602463 | AM92: 2088 | AN92: =AM92/60 -> 34.8 | AO92: =AN92*AK92 -> 0.052236353 | AP92: =17.285*AO92^0.664 -> 2.434464 | AR92: 45183.927 | AS92: 0.01627874 | AT92: 1.3790541 | AU92: 65.710112 | AV92: 11694 | AW92: =AV92/60 -> 194.9 | AX92: =AW92*AS92 -> 3.1727264 | AY92: =17.285*AX92^0.664 -> 37.206656 | BA92: 45031.646 | BB92: 0.0043517362 | BC92: 54.49339 | BD92: 100.88 | BE92: 40098 | BF92: =BE92/60 -> 668.3 | BG92: =BF92*BB92 -> 2.9082653 | BH92: =17.285*BG92^0.664 -> 35.117402
A93: 44776.99 | B93: 1.4707524e-05 | C93: 2.223683 | D93: 62.322446 | E93: 0 | F93: =E93/60 -> 0 | G93: =F93*B93 -> 0 | H93: =17.285*G93^0.664 -> 0 | J93: 44781.938 | K93: 6.3383184e-05 | L93: 3.843854 | M93: 64.826615 | N93: 2 | O93: =N93/60 -> 0.033333333 | P93: =O93*K93 -> 2.1127728e-06 | Q93: =17.285*P93^0.664 -> 0.0029469424 | S93: 45136.927 | T93: 0.0019979997 | U93: 1.5114152 | V93: 66.307022 | W93: 8441 | X93: =W93/60 -> 140.68333 | Y93: =T93*X93 -> 0.28108526 | Z93: =17.285*Y93^0.664 -> 7.4421405 | AB93: 45151.938 | AC93: 0.001872957 | AD93: 65.142531 | AE93: 5605 | AF93: =AE93/60 -> 93.416667 | AG93: =AF93*AC93 -> 0.1749654 | AH93: =17.285*AG93^0.664 -> 5.4323735 | AJ93: 45166.938 | AK93: 0.0013194963 | AL93: 62.659014 | AM93: 1502 | AN93: =AM93/60 -> 25.033333 | AO93: =AN93*AK93 -> 0.033031392 | AP93: =17.285*AO93^0.664 -> 1.7957126 | AR93: 45183.938 | AS93: 0.021132062 | AT93: 1.4444654 | AU93: 66.11338 | AV93: 11443 | AW93: =AV93/60 -> 190.71667 | AX93: =AW93*AS93 -> 4.0302365 | AY93: =17.285*AX93^0.664 -> 43.612286 | BA93: 45031.656 | BB93: 0.0042790122 | BC93: 53.134964 | BD93: 100.89 | BE93: 39664 | BF93: =BE93/60 -> 661.06667 | BG93: =BF93*BB93 -> 2.8287123 | BH93: =17.285*BG93^0.664 -> 34.476592
A94: 44777.001 | B94: 1.1957536e-05 | C94: 2.2059634 | D94: 62.269878 | E94: 0 | F94: =E94/60 -> 0 | G94: =F94*B94 -> 0 | H94: =17.285*G94^0.664 -> 0 | J94: 44781.949 | K94: 5.8607774e-05 | L94: 3.4907629 | M94: 64.748806 | N94: 0 | O94: =N94/60 -> 0 | P94: =O94*K94 -> 0 | Q94: =17.285*P94^0.664 -> 0 | S94: 45136.938 | T94: 0.0027164857 | U94: 1.7295024 | V94: 65.106846 | W94: 12461 | X94: =W94/60 -> 207.68333 | Y94: =T94*X94 -> 0.5641688 | Z94: =17.285*Y94^0.664 -> 11.819661 | AB94: 45151.948 | AC94: 0.0013300442 | AD94: 64.873193 | AE94: 2434 | AF94: =AE94/60 -> 40.566667 | AG94: =AF94*AC94 -> 0.053955461 | AH94: =17.285*AG94^0.664 -> 2.4873729 | AJ94: 45166.948 | AK94: 0.0018826863 | AL94: 62.703582 | AM94: 3336 | AN94: =AM94/60 -> 55.6 | AO94: =AN94*AK94 -> 0.10467736 | AP94: =17.285*AO94^0.664 -> 3.8623499 | AR94: 45183.948 | AS94: 0.02757667 | AT94: 2.0604455 | AU94: 68.970775 | AV94: 8874 | AW94: =AV94/60 -> 147.9 | AX94: =AW94*AS94 -> 4.0785895 | AY94: =17.285*AX94^0.664 -> 43.959022 | BA94: 45031.667 | BB94: 0.0039671205 | BC94: 52.456862 | BD94: 100.89 | BE94: 40370 | BF94: =BE94/60 -> 672.83333 | BG94: =BF94*BB94 -> 2.6692109 | BH94: =17.285*BG94^0.664 -> 33.17322
J95: 44781.959 | K95: 4.2298991e-05 | L95: 3.5250785 | M95: 64.712612 | N95: 0 | O95: =N95/60 -> 0 | P95: =O95*K95 -> 0 | Q95: =17.285*P95^0.664 -> 0 | S95: 45136.948 | T95: 0.0018374998 | U95: 1.5114152 | V95: 66.235087 | W95: 8927 | X95: =W95/60 -> 148.78333 | Y95: =T95*X95 -> 0.27338935 | Z95: =17.285*Y95^0.664 -> 7.3062135 | AB95: 45151.958 | AC95: 0.0015777195 | AD95: 64.577801 | AE95: 2228 | AF95: =AE95/60 -> 37.133333 | AG95: =AF95*AC95 -> 0.058585984 | AH95: =17.285*AG95^0.664 -> 2.6271473 | AJ95: 45166.958 | AK95: 0.0017799306 | AL95: 62.759363 | AM95: 3064 | AN95: =AM95/60 -> 51.066667 | AO95: =AN95*AK95 -> 0.090895124 | AP95: =17.285*AO95^0.664 -> 3.5167406 | AR95: 45183.958 | AS95: 0.018347113 | AT95: 1.3790541 | AU95: 66.032026 | AV95: 11713 | AW95: =AV95/60 -> 195.21667 | AX95: =AW95*AS95 -> 3.5816622 | AY95: =17.285*AX95^0.664 -> 40.325669 | BA95: 45031.677 | BB95: 0.0037536434 | BC95: 54.49339 | BD95: 100.92 | BE95: 39630 | BF95: =BE95/60 -> 660.5 | BG95: =BF95*BB95 -> 2.4792815 | BH95: =17.285*BG95^0.664 -> 31.586517
J96: 44781.969 | K96: 3.9918193e-05 | L96: 3.3236784 | M96: 65.082326 | N96: 0 | O96: =N96/60 -> 0 | P96: =O96*K96 -> 0 | Q96: =17.285*P96^0.664 -> 0 | S96: 45136.958 | T96: 0.0022307042 | U96: 1.6544613 | V96: 65.36063 | W96: 11113 | X96: =W96/60 -> 185.21667 | Y96: =T96*X96 -> 0.41316359 | Z96: =17.285*Y96^0.664 -> 9.6111293 | AB96: 45151.969 | AC96: 0.00091429957 | AD96: 64.415381 | AE96: 1299 | AF96: =AE96/60 -> 21.65 | AG96: =AF96*AC96 -> 0.019794586 | AH96: =17.285*AG96^0.664 -> 1.2781335 | AJ96: 45166.969 | AK96: 0.0013202947 | AL96: 62.825811 | AM96: 2162 | AN96: =AM96/60 -> 36.033333 | AO96: =AN96*AK96 -> 0.047574619 | AP96: =17.285*AO96^0.664 -> 2.2879503 | AR96: 45183.969 | AS96: 0.018676692 | AT96: 1.5809634 | AU96: 66.906869 | AV96: 10896 | AW96: =AV96/60 -> 181.6 | AX96: =AW96*AS96 -> 3.3916873 | AY96: =17.285*AX96^0.664 -> 38.892466 | BA96: 45031.688 | BB96: 0.0039101078 | BC96: 54.49339 | BD96: 100.92 | BE96: 39782 | BF96: =BE96/60 -> 663.03333 | BG96: =BF96*BB96 -> 2.5925318 | BH96: =17.285*BG96^0.664 -> 32.53735
J97: 44781.98 | K97: 3.2476971e-05 | L97: 3.2549971 | M97: 64.603063 | N97: 2 | O97: =N97/60 -> 0.033333333 | P97: =O97*K97 -> 1.0825657e-06 | Q97: =17.285*P97^0.664 -> 0.0018903709 | S97: 45136.969 | T97: 0.0017238537 | U97: 1.4444654 | V97: 66.235087 | W97: 7644 | X97: =W97/60 -> 127.4 | Y97: =T97*X97 -> 0.21961896 | Z97: =17.285*Y97^0.664 -> 6.3173967 | AB97: 45151.979 | AC97: 0.0011997877 | AD97: 64.415381 | AE97: 1735 | AF97: =AE97/60 -> 28.916667 | AG97: =AF97*AC97 -> 0.034693861 | AH97: =17.285*AG97^0.664 -> 1.8552273 | AJ97: 45166.979 | AK97: 0.001793182 | AL97: 62.866569 | AM97: 2045 | AN97: =AM97/60 -> 34.083333 | AO97: =AN97*AK97 -> 0.061117619 | AP97: =17.285*AO97^0.664 -> 2.701991 | AR97: 45183.979 | AS97: 0.018214713 | AT97: 1.4444654 | AU97: 66.11338 | AV97: 12406 | AW97: =AV97/60 -> 206.76667 | AX97: =AW97*AS97 -> 3.7661954 | AY97: =17.285*AX97^0.664 -> 41.69355 | BA97: 45031.698 | BB97: 0.0038231402 | BC97: 51.080844 | BD97: 101.3 | BE97: 38574 | BF97: =BE97/60 -> 642.9 | BG97: =BF97*BB97 -> 2.4578968 | BH97: =17.285*BG97^0.664 -> 31.405351
J98: 44781.99 | K98: 4.1444874e-05 | L98: 3.3297359 | M98: 64.577826 | N98: 0 | O98: =N98/60 -> 0 | P98: =O98*K98 -> 0 | Q98: =17.285*P98^0.664 -> 0 | S98: 45136.979 | T98: 0.0019977604 | U98: 1.6544613 | V98: 66.631862 | W98: 11096 | X98: =W98/60 -> 184.93333 | Y98: =T98*X98 -> 0.36945248 | Z98: =17.285*Y98^0.664 -> 8.9233574 | AB98: 45151.99 | AC98: 0.0010224501 | AD98: 64.196286 | AE98: 1457 | AF98: =AE98/60 -> 24.283333 | AG98: =AF98*AC98 -> 0.024828498 | AH98: =17.285*AG98^0.664 -> 1.4856499 | AJ98: 45166.99 | AK98: 0.0018320813 | AL98: 62.866569 | AM98: 2947 | AN98: =AM98/60 -> 49.116667 | AO98: =AN98*AK98 -> 0.089985726 | AP98: =17.285*AO98^0.664 -> 3.4933385 | AR98: 45183.99 | AS98: 0.010790983 | AT98: 1.0913231 | AU98: 65.008043 | AV98: 14178 | AW98: =AV98/60 -> 236.3 | AX98: =AW98*AS98 -> 2.5499093 | AY98: =17.285*AX98^0.664 -> 32.181168 | BA98: 45031.708 | BB98: 0.0039307578 | BC98: 51.080844 | BD98: 101.61 | BE98: 39057 | BF98: =BE98/60 -> 650.95 | BG98: =BF98*BB98 -> 2.5587268 | BH98: =17.285*BG98^0.664 -> 32.255016
J99: 44782.001 | K99: 4.0574093e-05 | L99: 3.368336 | M99: 64.392287 | N99: 1 | O99: =N99/60 -> 0.016666667 | P99: =O99*K99 -> 6.7623488e-07 | Q99: =17.285*P99^0.664 -> 0.0013831019 | S99: 45136.99 | T99: 0.002348276 | U99: 1.7295024 | V99: 65.758292 | W99: 12211 | X99: =W99/60 -> 203.51667 | Y99: =T99*X99 -> 0.4779133 | Z99: =17.285*Y99^0.664 -> 10.586617 | AB99: 45152 | AC99: 0.00064390873 | AD99: 64.078709 | AE99: 777 | AF99: =AE99/60 -> 12.95 | AG99: =AF99*AC99 -> 0.008338618 | AH99: =17.285*AG99^0.664 -> 0.7199061 | AJ99: 45167 | AK99: 0.0013564326 | AL99: 62.866569 | AM99: 2124 | AN99: =AM99/60 -> 35.4 | AO99: =AN99*AK99 -> 0.048017715 | AP99: =17.285*AO99^0.664 -> 2.3020777 | AR99: 45184 | AS99: 0.010630739 | AT99: 1.0913231 | AU99: 65.770792 | AV99: 14134 | AW99: =AV99/60 -> 235.56667 | AX99: =AW99*AS99 -> 2.5042477 | AY99: =17.285*AX99^0.664 -> 31.797363 | BA99: 45031.719 | BB99: 0.0035740901 | BC99: 48.998295 | BD99: 101.67 | BE99: 40105 | BF99: =BE99/60 -> 668.41667 | BG99: =BF99*BB99 -> 2.3889814 | BH99: =17.285*BG99^0.664 -> 30.817873
S100: 45137 | T100: 0.0018013276 | U100: 1.5114152 | V100: 65.758292 | W100: 8427 | X100: =W100/60 -> 140.45 | Y100: =T100*X100 -> 0.25299646 | Z100: =17.285*Y100^0.664 -> 6.9396469 | BA100: 45031.729 | BB100: 0.0036287123 | BC100: 48.998295 | BD100: 101.68 | BE100: 38926 | BF100: =BE100/60 -> 648.76667 | BG100: =BF100*BB100 -> 2.3541876 | BH100: =17.285*BG100^0.664 -> 30.519109
BA101: 45031.74 | BB101: 0.0036285577 | BC101: 53.134964 | BD101: 101.71 | BE101: 39217 | BF101: =BE101/60 -> 653.61667 | BG101: =BF101*BB101 -> 2.3716858 | BH101: =17.285*BG101^0.664 -> 30.669545
BA102: 45031.75 | BB102: 0.0042934605 | BC102: 53.134964 | BD102: 101.71 | BE102: 38753 | BF102: =BE102/60 -> 645.88333 | BG102: =BF102*BB102 -> 2.7730746 | BH102: =17.285*BG102^0.664 -> 34.024821
BA103: 45031.76 | BB103: 0.0044811589 | BC103: 54.481834 | BD103: 101.71 | BE103: 39843 | BF103: =BE103/60 -> 664.05 | BG103: =BF103*BB103 -> 2.9757135 | BH103: =17.285*BG103^0.664 -> 35.656104
BA104: 45031.771 | BB104: 0.0041391111 | BC104: 54.481834 | BD104: 101.71 | BE104: 38813 | BF104: =BE104/60 -> 646.88333 | BG104: =BF104*BB104 -> 2.677522 | BH104: =17.285*BG104^0.664 -> 33.241769
BA105: 45031.781 | BB105: 0.0041915541 | BC105: 54.481834 | BD105: 101.71 | BE105: 40120 | BF105: =BE105/60 -> 668.66667 | BG105: =BF105*BB105 -> 2.8027525 | BH105: =17.285*BG105^0.664 -> 34.266177
BA106: 45031.792 | BB106: 0.0038113488 | BC106: 54.481834 | BD106: 101.71 | BE106: 39647 | BF106: =BE106/60 -> 660.78333 | BG106: =BF106*BB106 -> 2.5184758 | BH106: =17.285*BG106^0.664 -> 31.917206
BA107: 45031.802 | BB107: 0.0040731253 | BC107: 56.488632 | BD107: 102 | BE107: 38618 | BF107: =BE107/60 -> 643.63333 | BG107: =BF107*BB107 -> 2.6215992 | BH107: =17.285*BG107^0.664 -> 32.779129
BA108: 45031.812 | BB108: 0.0039535606 | BC108: 58.466045 | BD108: 102.06 | BE108: 37712 | BF108: =BE108/60 -> 628.53333 | BG108: =BF108*BB108 -> 2.4849446 | BH108: =17.285*BG108^0.664 -> 31.634406
BA109: 45031.823 | BB109: 0.0038089114 | BC109: 57.814718 | BD109: 102.37 | BE109: 37269 | BF109: =BE109/60 -> 621.15 | BG109: =BF109*BB109 -> 2.3659053 | BH109: =17.285*BG109^0.664 -> 30.61989
BA110: 45031.833 | BB110: 0.0041156525 | BC110: 56.488632 | BD110: 102.47 | BE110: 37673 | BF110: =BE110/60 -> 627.88333 | BG110: =BF110*BB110 -> 2.5841496 | BH110: =17.285*BG110^0.664 -> 32.46746
BA111: 45031.844 | BB111: 0.0041829582 | BC111: 56.488632 | BD111: 102.47 | BE111: 39028 | BF111: =BE111/60 -> 650.46667 | BG111: =BF111*BB111 -> 2.7208749 | BH111: =17.285*BG111^0.664 -> 33.598189
BA112: 45031.854 | BB112: 0.0040595457 | BC112: 62.31528 | BD112: 102.61 | BE112: 38012 | BF112: =BE112/60 -> 633.53333 | BG112: =BF112*BB112 -> 2.5718575 | BH112: =17.285*BG112^0.664 -> 32.36483
... BA117: 45031.906 | BB117: 0.0039016625 | BC117: 53.134964 | BD117: 102.93 | BE117: 39627 | BF117: =BE117/60 -> 660.45 | BG117: =BF117*BB117 -> 2.576853 | BH117: =17.285*BG117^0.664 -> 32.406558
B118: 1) | C118: Interpolated Rising D50 | F118: 2) | G118: Interpolated Rising D25 | BA118: 45031.917 | BB118: 0.0043702401 | BC118: 59.114847 | BD118: 102.99 | BE118: 37989 | BF118: =BE118/60 -> 633.15 | BG118: =BF118*BB118 -> 2.7670175 | BH118: =17.285*BG118^0.664 -> 33.975456
C119: Mobile | D119: Total Tau | E119: Dmax (mm) | G119: Tau (Pa) | H119: Dmax (mm) | BA119: 45031.927 | BB119: 0.00414103 | BC119: 57.147662 | BD119: 102.99 | BE119: 38838 | BF119: =BE119/60 -> 647.3 | BG119: =BF119*BB119 -> 2.6804887 | BH119: =17.285*BG119^0.664 -> 33.266221
B120: 44776.615 | C120: =C62 -> 1.3141996 | D120: =D62 -> 60.450932 | E120: =H62 -> 0 | F120: 44776.615 | G120: 60.450932 | H120: 0 | BA120: 45031.938 | BB120: 0.0038861143 | BC120: 55.149393 | BD120: 103.06 | BE120: 39065 | BF120: =BE120/60 -> 651.08333 | BG120: =BF120*BB120 -> 2.5301842 | BH120: =17.285*BG120^0.664 -> 32.015656
B121: 44776.626 | C121: =C63 -> 12.678926 | D121: =D63 -> 70.196899 | E121: =H63 -> 65.822866 | F121: 44776.626 | G121: 70.196899 | H121: 65.822866 | BA121: 45031.948 | BB121: 0.0037663757 | BC121: 59.125991 | BD121: 103.23 | BE121: 39346 | BF121: =BE121/60 -> 655.76667 | BG121: =BF121*BB121 -> 2.4698636 | BH121: =17.285*BG121^0.664 -> 31.506796
B122: =_xlfn.FORECAST.LINEAR(E122,B120:B121,E120:E121) -> 44776.622 | C122: =_xlfn.FORECAST.LINEAR(E122,C120:C121,E120:E121) -> 8.8489165 | D122: =_xlfn.FORECAST.LINEAR(E122,D120:D121,E120:E121) -> 66.912425 | E122: 43.64 | G122: =_xlfn.FORECAST.LINEAR(H122,G120:G121,H120:H121) -> 64.048876 | H122: 24.3 | BA122: 45031.958 | BB122: 0.0041586415 | BC122: 59.114847 | BD122: 103.35 | BE122: 39134 | BF122: =BE122/60 -> 652.23333 | BG122: =BF122*BB122 -> 2.7124046 | BH122: =17.285*BG122^0.664 -> 33.528703
B123: Dimensionless | C123: =C122/(1650*9.81*0.04364) -> 0.012527154 | D123: =D122/(1650*9.81*0.04364) -> 0.094725974 | G123: =G122/(1650*9.81*0.04364) -> 0.090672131 | BA123: 45031.969 | BB123: 0.0043879201 | BC123: 57.147662 | BD123: 103.24 | BE123: 39216 | BF123: =BE123/60 -> 653.6 | BG123: =BF123*BB123 -> 2.8679446 | BH123: =17.285*BG123^0.664 -> 34.79336
B124: 3) | C124: Exceedance of D50 | F124: 4) | G124: Exceedance of D84 | J124: 1) | K124: Interpolated Rising D50 | N124: 2) | O124: Interpolated Rising D84 | BA124: 45031.979 | BB124: 0.0038170985 | BC124: 51.069021 | BD124: 103.24 | BE124: 40082 | BF124: =BE124/60 -> 668.03333 | BG124: =BF124*BB124 -> 2.549949 | BH124: =17.285*BG124^0.664 -> 32.181501
C125: Mobile | D125: Total Tau | E125: Dmax (mm) | G125: Tau (Pa) | H125: Dmax (mm) | K125: Mobile | L125: Total Tau | M125: Dmax (mm) | O125: Tau (Pa) | P125: Dmax (mm) | S125: 1) | T125: Interpolated Rising D50 | W125: 2) | X125: Interpolated Rising D84 | AB125: 1) | AC125: Interpolated Rising D50 | AE125: 2) | AF125: Interpolated Rising D84 | AJ125: 1) | AK125: Interpolated Rising D50 | AM125: 2) | AN125: Interpolated Rising D84 | AR125: 1) | AS125: Interpolated Rising D50 | AV125: 2) | AW125: Interpolated Rising D84 | BA125: 45031.99 | BB125: 0.0038047746 | BC125: 55.149393 | BD125: 103.24 | BE125: 39785 | BF125: =BE125/60 -> 663.08333 | BG125: =BF125*BB125 -> 2.5228827 | BH125: =17.285*BG125^0.664 -> 31.954279
B126: =B121 -> 44776.626 | C126: =C121 -> 12.678926 | D126: =D121 -> 70.196899 | E126: =E121 -> 65.822866 | G126: D84 not exceeded this storm | J126: =J60 -> 44781.594 | K126: =L60 -> 13.512639 | L126: =M60 -> 70.845478 | M126: =Q60 -> 36.423656 | N126: 44781.584 | O126: 65.792422 | P126: 0.44830556 | T126: Mobile | U126: Total Tau | V126: Dmax (mm) | X126: Tau (Pa) | Y126: Dmax (mm) | AC126: Tau (Pa) | AD126: Dmax (mm) | AF126: Tau (Pa) | AG126: Dmax (mm) | AK126: Tau (Pa) | AL126: Dmax (mm) | AN126: Tau (Pa) | AO126: Dmax (mm) | AS126: Mobile | AT126: Total Tau | AU126: Dmax (mm) | AW126: Tau (Pa) | AX126: Dmax (mm) | BA126: 45032 | BB126: 0.0042990945 | BC126: 59.114847 | BD126: 103.24 | BE126: 39305 | BF126: =BE126/60 -> 655.08333 | BG126: =BF126*BB126 -> 2.8162651 | BH126: =17.285*BG126^0.664 -> 34.375784
B127: Dimensionless | C127: =C126/(1650*9.81*0.04364) -> 0.017949187 | D127: =D126/(1650*9.81*0.04364) -> 0.099375708 | J127: =J61 -> 44781.605 | K127: =L61 -> 21.083428 | L127: =M61 -> 73.387016 | M127: =Q61 -> 48.452761 | N127: 44781.594 | O127: 70.845478 | P127: 36.423656 | S127: =S65 -> 45136.646 | T127: =U65 -> 14.602154 | U127: =V65 -> 75.318472 | V127: =Z65 -> 30.479599 | W127: 45136.604 | X127: 67.752553 | Y127: 18.16307 | AC127: D50 not exceeded this storm | AF127: D84 not exceeded this storm | AK127: D50 not exceeded this storm | AN127: D84 not exceeded this storm | AR127: =AR93 -> 45183.938 | AS127: =AT93 -> 1.4444654 | AT127: =AU93 -> 66.11338 | AU127: =AY93 -> 43.612286 | AV127: 45183.604 | AW127: 63.353592 | AX127: 9.9229994 | BA127: 45032.01 | BB127: 0.0043261638 | BC127: 62.304573 | BD127: 103.35 | BE127: 39598 | BF127: =BE127/60 -> 659.96667 | BG127: =BF127*BB127 -> 2.8551239 | BH127: =17.285*BG127^0.664 -> 34.690005
B128: 5) | C128: Interpolated Falling D50 | F128: 6) | G128: Interpolated Falling D84 | J128: =_xlfn.FORECAST.LINEAR(M128,J126:J127,M126:M127) -> 44781.601 | K128: =_xlfn.FORECAST.LINEAR(M128,K126:K127,M126:M127) -> 18.054408 | L128: =_xlfn.FORECAST.LINEAR(M128,L126:L127,M126:M127) -> 72.370165 | M128: 43.64 | O128: =_xlfn.FORECAST.LINEAR(P128,O126:O127,P126:P127) -> 69.142603 | P128: 24.3 | S128: =S66 -> 45136.656 | T128: =U66 -> 20.131539 | U128: =V66 -> 79.767296 | V128: =Z66 -> 54.039141 | W128: 45136.615 | X128: 70.664443 | Y128: 32.318279 | AR128: =AR94 -> 45183.948 | AS128: =AT94 -> 2.0604455 | AT128: =AU94 -> 68.970775 | AU128: =AY94 -> 43.959022 | AV128: 45183.615 | AW128: 65.087246 | AX128: 37.949115 | BA128: 45032.021 | BB128: 0.0038965833 | BC128: 59.114847 | BD128: 103.35 | BE128: 39700 | BF128: =BE128/60 -> 661.66667 | BG128: =BF128*BB128 -> 2.5782393 | BH128: =17.285*BG128^0.664 -> 32.418133
C129: Mobile | D129: Total Tau | E129: Dmax (mm) | G129: Tau (Pa) | H129: Dmax (mm) | J129: Dimensionless | K129: =K128/(1650*9.81*0.04364) -> 0.025559101 | L129: =L128/(1650*9.81*0.04364) -> 0.10245234 | O129: =O128/(1650*9.81*0.04364) -> 0.097883172 | S129: =_xlfn.FORECAST.LINEAR(V129,S127:S128,V127:V128) -> 45136.652 | T129: =_xlfn.FORECAST.LINEAR(V129,T127:T128,V127:V128) -> 17.690878 | U129: =_xlfn.FORECAST.LINEAR(V129,U127:U128,V127:V128) -> 77.803593 | V129: 43.64 | X129: =_xlfn.FORECAST.LINEAR(Y129,X127:X128,Y127:Y128) -> 69.014991 | Y129: 24.3 | AC129: =_xlfn.FORECAST.LINEAR(AD129,AC127:AC128,AD127:AD128) -> #DIV/0! | AD129: 43.64 | AF129: =_xlfn.FORECAST.LINEAR(AG129,AF127:AF128,AG127:AG128) -> #DIV/0! | AG129: 82 | AK129: =_xlfn.FORECAST.LINEAR(AL129,AK127:AK128,AL127:AL128) -> #DIV/0! | AL129: 43.64 | AN129: =_xlfn.FORECAST.LINEAR(AO129,AN127:AN128,AO127:AO128) -> #DIV/0! | AO129: 82 | AR129: =_xlfn.FORECAST.LINEAR(AU129,AR127:AR128,AU127:AU128) -> 45183.938 | AS129: =_xlfn.FORECAST.LINEAR(AU129,AS127:AS128,AU127:AU128) -> 1.493699 | AT129: =_xlfn.FORECAST.LINEAR(AU129,AT127:AT128,AU127:AU128) -> 66.341763 | AU129: 43.64 | AW129: =_xlfn.FORECAST.LINEAR(AX129,AW127:AW128,AX127:AX128) -> 64.242932 | AX129: 24.3 | BA129: 45032.031 | BB129: 0.0045158738 | BC129: 57.147662 | BD129: 103.43 | BE129: 40148 | BF129: =BE129/60 -> 669.13333 | BG129: =BF129*BB129 -> 3.0217217 | BH129: =17.285*BG129^0.664 -> 36.021214
B130: 44776.647 | C130: =C63 -> 12.678926 | D130: =D63 -> 70.196899 | E130: =H63 -> 65.822866 | G130: D84 not exceeded this storm | J130: 3) | K130: Exceedance of D50 | N130: 4) | O130: Exceedance of D84 | S130: Dimensionless | T130: =T129/(1650*9.81*0.04364) -> 0.025044461 | U130: =U129/(1650*9.81*0.04364) -> 0.11014428 | AR130: Dimensionless | AS130: =AS129/(1650*9.81*0.04364) -> 0.0021145862 | AT130: =AT129/(1650*9.81*0.04364) -> 0.093918104 | BA130: 45032.042 | BB130: 0.004064972 | BC130: 58.466045 | BD130: 103.54 | BE130: 39827 | BF130: =BE130/60 -> 663.78333 | BG130: =BF130*BB130 -> 2.6982607 | BH130: =17.285*BG130^0.664 -> 33.41251
B131: 44776.657 | C131: =C64 -> 22.620214 | D131: =D64 -> 70.026835 | E131: =H64 -> 40.605393 | K131: Tau (Pa) | L131: Total Tau | M131: Dmax (mm) | O131: Tau (Pa) | P131: Dmax (mm) | S131: 3) | T131: Exceedance of D50 | W131: 4) | X131: Exceedance of D84 | AB131: 3) | AC131: Exceedance of D50 | AE131: 4) | AF131: Exceedance of D84 | AJ131: 3) | AK131: Exceedance of D50 | AM131: 4) | AN131: Exceedance of D84 | AR131: 3) | AS131: Exceedance of D50 | AV131: 4) | AW131: Exceedance of D84 | BA131: 45032.052 | BB131: 0.0038780758 | BC131: 59.114847 | BD131: 103.6 | BE131: 40178 | BF131: =BE131/60 -> 669.63333 | BG131: =BF131*BB131 -> 2.5968888 | BH131: =17.285*BG131^0.664 -> 32.573649
B132: =_xlfn.FORECAST.LINEAR(E132,B130:B131,E130:E131) -> 44776.656 | C132: =_xlfn.FORECAST.LINEAR(E132,C130:C131,E130:E131) -> 21.423904 | D132: =_xlfn.FORECAST.LINEAR(E132,D130:D131,E130:E131) -> 70.0473 | E132: 43.64 | G132: =G122 -> 64.048876 | H132: 82 | J132: =J127 -> 44781.605 | K132: =K127 -> 21.083428 | L132: =L127 -> 73.387016 | M132: =M127 -> 48.452761 | O132: D84 not exceeded this storm | T132: Mobile | U132: Total Tau | V132: Dmax (mm) | X132: Tau (Pa) | Y132: Dmax (mm) | AC132: Tau (Pa) | AD132: Dmax (mm) | AF132: Tau (Pa) | AG132: Dmax (mm) | AK132: Tau (Pa) | AL132: Dmax (mm) | AN132: Tau (Pa) | AO132: Dmax (mm) | AS132: Mobile | AT132: Total Tau | AU132: Dmax (mm) | AW132: Tau (Pa) | AX132: Dmax (mm) | BA132: 45032.062 | BB132: 0.0039707914 | BC132: 57.147662 | BD132: 103.6 | BE132: 39113 | BF132: =BE132/60 -> 651.88333 | BG132: =BF132*BB132 -> 2.5884927 | BH132: =17.285*BG132^0.664 -> 32.503682
B133: Dimensionless | C133: =C132/(1650*9.81*0.04364) -> 0.030329198 | D133: =D132/(1650*9.81*0.04364) -> 0.099163924 | J133: Dimensionless | K133: =K132/(1650*9.81*0.04364) -> 0.029847196 | L133: =L132/(1650*9.81*0.04364) -> 0.10389186 | S133: =S128 -> 45136.656 | T133: =T128 -> 20.131539 | U133: =U128 -> 79.767296 | V133: =V128 -> 54.039141 | X133: D84 not exceeded this storm | AC133: D50 not exceeded this storm | AF133: D84 not exceeded this storm | AK133: D50 not exceeded this storm | AN133: D84 not exceeded this storm | AR133: =AR128 -> 45183.948 | AS133: =AS128 -> 2.0604455 | AT133: =AT128 -> 68.970775 | AU133: =AU128 -> 43.959022 | AW133: D84 not exceeded this storm | BA133: 45032.073 | BB133: 0.0041499229 | BC133: 60.408696 | BD133: 103.6 | BE133: 39741 | BF133: =BE133/60 -> 662.35 | BG133: =BF133*BB133 -> 2.7487014 | BH133: =17.285*BG133^0.664 -> 33.825957
B134: 7) | C134: Shortfall of D50 | F134: 7) | G134: Shortfall of D84 | J134: 5) | K134: Interpolated Falling D50 | N134: 6) | O134: Interpolated Falling D84 | S134: Dimensionless | T134: =T133/(1650*9.81*0.04364) -> 0.028499634 | U134: =U133/(1650*9.81*0.04364) -> 0.11292424 | AR134: Dimensionless | AS134: =AS133/(1650*9.81*0.04364) -> 0.0029169127 | AT134: =AT133/(1650*9.81*0.04364) -> 0.09763992 | BA134: 45032.083 | BB134: 0.0036099892 | BC134: 53.134964 | BD134: 103.6 | BE134: 40299 | BF134: =BE134/60 -> 671.65 | BG134: =BF134*BB134 -> 2.4246493 | BH134: =17.285*BG134^0.664 -> 31.122629
C135: Mobile | D135: Total Tau | E135: Dmax (mm) | G135: Tau (Pa) | H135: Dmax (mm) | K135: Tau (Pa) | L135: Total Tau | M135: Dmax (mm) | O135: Tau (Pa) | P135: Dmax (mm) | S135: 5) | T135: Interpolated Falling D50 | W135: 6) | X135: Interpolated Falling D84 | AB135: 5) | AC135: Interpolated Falling D50 | AE135: 6) | AF135: Interpolated Falling D84 | AJ135: 5) | AK135: Interpolated Falling D50 | AM135: 6) | AN135: Interpolated Falling D84 | AR135: 5) | AS135: Interpolated Falling D50 | AV135: 6) | AW135: Interpolated Falling D84 | BA135: 45032.094 | BB135: 0.0044656668 | BC135: 60.408696 | BD135: 103.6 | BE135: 40035 | BF135: =BE135/60 -> 667.25 | BG135: =BF135*BB135 -> 2.9797162 | BH135: =17.285*BG135^0.664 -> 35.687943
B136: 44776.657 | C136: =C64 -> 22.620214 | D136: =D131 -> 70.026835 | E136: =H64 -> 40.605393 | G136: D84 not exceeded this storm | J136: =J75 -> 44781.751 | K136: =L75 -> 15.218094 | L136: =M75 -> 66.342979 | M136: =Q75 -> 47.773873 | O136: D84 not exceeded this storm | T136: Mobile | U136: Total Tau | V136: Dmax (mm) | X136: Tau (Pa) | Y136: Dmax (mm) | AC136: Tau (Pa) | AD136: Dmax (mm) | AF136: Tau (Pa) | AG136: Dmax (mm) | AK136: Tau (Pa) | AL136: Dmax (mm) | AN136: Tau (Pa) | AO136: Dmax (mm) | AS136: Mobile | AT136: Total Tau | AU136: Dmax (mm) | AW136: Tau (Pa) | AX136: Dmax (mm) | BA136: 45032.104 | BB136: 0.0042913287 | BC136: 61.680991 | BD136: 103.6 | BE136: 40276 | BF136: =BE136/60 -> 671.26667 | BG136: =BF136*BB136 -> 2.8806259 | BH136: =17.285*BG136^0.664 -> 34.895439
B137: Dimensionless | C137: =C136/(1650*9.81*0.04364) -> 0.032022779 | D137: =D136/(1650*9.81*0.04364) -> 0.099134952 | J137: =J76 -> 44781.761 | K137: =L76 -> 13.768906 | L137: =M76 -> 66.988236 | M137: =Q76 -> 37.476099 | S137: =S66 -> 45136.656 | T137: =U66 -> 20.131539 | U137: =V66 -> 79.767296 | V137: =Z66 -> 54.039141 | X137: D84 not exceeded this storm | AC137: D50 not exceeded this storm | AF137: D84 not exceeded this storm | AK137: D50 not exceeded this storm | AN137: D84 not exceeded this storm | AR137: =AR94 -> 45183.948 | AS137: =AT94 -> 2.0604455 | AT137: =AU94 -> 68.970775 | AU137: =AY94 -> 43.959022 | AW137: D84 not exceeded this storm | BA137: 45032.115 | BB137: 0.0039804188 | BC137: 58.477265 | BD137: 103.39 | BE137: 39841 | BF137: =BE137/60 -> 664.01667 | BG137: =BF137*BB137 -> 2.6430644 | BH137: =17.285*BG137^0.664 -> 32.957095
J138: =_xlfn.FORECAST.LINEAR(M138,J136:J137,M136:M137) -> 44781.755 | K138: =_xlfn.FORECAST.LINEAR(M138,K136:K137,M136:M137) -> 14.636341 | L138: =_xlfn.FORECAST.LINEAR(M138,L136:L137,M136:M137) -> 66.602006 | M138: 43.64 | O138: =O128 -> 69.142603 | P138: 82 | S138: =S67 -> 45136.667 | T138: =U67 -> 10.529934 | U138: =V67 -> 73.841299 | V138: =Z67 -> 32.053387 | AR138: =AR95 -> 45183.958 | AS138: =AT95 -> 1.3790541 | AT138: =AU95 -> 66.032026 | AU138: =AY95 -> 40.325669 | BA138: 45032.125 | BB138: 0.0039414907 | BC138: 61.680991 | BD138: 103.21 | BE138: 40134 | BF138: =BE138/60 -> 668.9 | BG138: =BF138*BB138 -> 2.6364632 | BH138: =17.285*BG138^0.664 -> 32.902417
B139: D84 not exceeded this storm | J139: Dimensionless | K139: =K138/(1650*9.81*0.04364) -> 0.020720242 | L139: =L138/(1650*9.81*0.04364) -> 0.094286523 | S139: =_xlfn.FORECAST.LINEAR(V139,S137:S138,V137:V138) -> 45136.661 | T139: =_xlfn.FORECAST.LINEAR(V139,T137:T138,V137:V138) -> 15.590032 | U139: =_xlfn.FORECAST.LINEAR(V139,U137:U138,V137:V138) -> 76.964332 | V139: 43.64 | X139: =X129 -> 69.014991 | Y139: 82 | AC139: =_xlfn.FORECAST.LINEAR(AD139,AC137:AC138,AD137:AD138) -> #DIV/0! | AD139: 43.64 | AF139: =AF129 -> #DIV/0! | AG139: 82 | AK139: =_xlfn.FORECAST.LINEAR(AL139,AK137:AK138,AL137:AL138) -> #DIV/0! | AL139: 43.64 | AN139: =AN129 -> #DIV/0! | AO139: 82 | AR139: =_xlfn.FORECAST.LINEAR(AU139,AR137:AR138,AU137:AU138) -> 45183.949 | AS139: =_xlfn.FORECAST.LINEAR(AU139,AS137:AS138,AU137:AU138) -> 2.0006168 | AT139: =_xlfn.FORECAST.LINEAR(AU139,AT137:AT138,AU137:AU138) -> 68.712742 | AU139: 43.64 | AW139: =AW129 -> 64.242932 | AX139: 82 | BA139: 45032.135 | BB139: 0.0038086987 | BC139: 60.419667 | BD139: 103.15 | BE139: 40069 | BF139: =BE139/60 -> 667.81667 | BG139: =BF139*BB139 -> 2.5435125 | BH139: =17.285*BG139^0.664 -> 32.12754
J140: 7) | K140: Shortfall of D50 | N140: 7) | O140: Shortfall of D84 | S140: Dimensionless | T140: =T139/(1650*9.81*0.04364) -> 0.022070355 | U140: =U139/(1650*9.81*0.04364) -> 0.10895616 | AR140: Dimensionless | AS140: =AS139/(1650*9.81*0.04364) -> 0.002832215 | AT140: =AT139/(1650*9.81*0.04364) -> 0.09727463 | BA140: 45032.146 | BB140: 0.0041567374 | BC140: 62.31528 | BD140: 103.11 | BE140: 39905 | BF140: =BE140/60 -> 665.08333 | BG140: =BF140*BB140 -> 2.7645767 | BH140: =17.285*BG140^0.664 -> 33.955553
...

Sheet spring
A1: NEW | C1: Mobile | D1: Average | J1: full record
A2: Time | B2: Max Amp | C2: Tau (Pa) | D2: Tau (Pa) | E2: Ch1 Impulses | F2: Impulses/s | G2: Imp/s * MaxAmp | H2: Dmax (mm) | J2: time | K2: taum | AF2: interpol | AG2: excel | AN2: python
A3: 45003.569 | B3: 0.00033926958 | C3: 30.192112 | D3: 82.2 | E3: 41476 | F3: =E3/60 -> 691.26667 | G3: =F3*B3 -> 0.23452575 | H3: =17.285*G3^0.664 -> 6.5989661 | J3: 44986 | K3: 5.5094959 | AB3: Time | AC3: Dmax (mm) | AD3: Tau (Pa) | AH3: event | AI3: event_start | AJ3: event_peak | AK3: event_end | AL3: has_tauc_exceedance | AM3: first_exceedance_time | AN3: first_exceedance_tau | AO3: n_transport_events | AP3: n_exceedance_points | AQ3: total_exceedance_hours | AR3: max_Dmax_mm
A4: 45003.583 | B4: 0.00037135137 | C4: 29.540552 | D4: 82.2 | E4: 40799 | F4: =E4/60 -> 679.98333 | G4: =F4*B4 -> 0.25251274 | H4: =17.285*G4^0.664 -> 6.9308339 | J4: 44986.01 | K4: 7.3016945 | AB4: 45031.573 | AC4: 61.98688 | AH4: 1 | AI4: 45033.542 | AJ4: 45033.929 | AK4: 45034.458 | AL4: FALSE | AO4: 0 | AP4: 0 | AQ4: 0
A5: 45003.594 | B5: 0.00039006014 | C5: 31.45854 | D5: 82.33 | E5: 41688 | F5: =E5/60 -> 694.8 | G5: =F5*B5 -> 0.27101379 | H5: =17.285*G5^0.664 -> 7.2639972 | J5: 44986.021 | K5: 9.2207653 | AB5: 45035.656 | AC5: 46.26313 | AD5: 116.22 | AH5: 2 | AI5: 45034.458 | AJ5: 45034.846 | AK5: 45035.417 | AL5: FALSE | AO5: 0 | AP5: 0 | AQ5: 0
A6: 45003.604 | B6: 0.00042841734 | C6: 34.564747 | D6: 82.59 | E6: 41055 | F6: =E6/60 -> 684.25 | G6: =F6*B6 -> 0.29314456 | H6: =17.285*G6^0.664 -> 7.6526478 | J6: 44986.031 | K6: 9.2207653 | AB6: 45035.667 | AC6: 60.71043 | AD6: 116.89 | AF6: =AI24 -> 115.78883 | AG6: =AD5 -> 116.22 | AH6: 3 | AI6: 45035.417 | AJ6: 45035.752 | AK6: 45036.458 | AL6: TRUE | AM6: 45035.656 | AN6: 118.22733 | AO6: 1 | AP6: 8 | AQ6: 2 | AR6: 60.71043
A7: 45003.615 | B7: 0.00038153344 | C7: 32.718214 | D7: 82.75 | E7: 41552 | F7: =E7/60 -> 692.53333 | G7: =F7*B7 -> 0.26422463 | H7: =17.285*G7^0.664 -> 7.1426546 | J7: 44986.042 | K7: 7.3123037 | AB7: 45035.677 | AC7: 45.34135 | AD7: 117.71 | AF7: =AI30 -> 108.17 | AG7: =AD13 -> 108.17 | AH7: 4 | AI7: 45037.5 | AJ7: 45037.773 | AK7: 45038.396 | AL7: TRUE | AM7: 45037.948 | AN7: 108.51115 | AO7: 5 | AP7: 5 | AQ7: 1.25 | AR7: 45.71622
A8: 45003.625 | B8: 0.00047407306 | C8: 34.564747 | D8: 82.8 | E8: 40860 | F8: =E8/60 -> 681 | G8: =F8*B8 -> 0.32284375 | H8: =17.285*G8^0.664 -> 8.1590638 | J8: 44986.052 | K8: 9.2095991 | AB8: 45035.688 | AC8: 45.27951 | AD8: 118.09 | AF8: =AI38 -> 106.26264 | AG8: =AD21 -> 106.31 | AH8: 5 | AI8: 45038.583 | AJ8: 45038.971 | AK8: 45039.438 | AL8: TRUE | AM8: 45038.646 | AN8: 106.97061 | AO8: 6 | AP8: 7 | AQ8: 1.75 | AR8: 46.06356
A9: 45003.635 | B9: 0.00042007337 | C9: 32.718214 | D9: 82.92 | E9: 40744 | F9: =E9/60 -> 679.06667 | G9: =F9*B9 -> 0.28525783 | H9: =17.285*G9^0.664 -> 7.515314 | J9: 44986.062 | K9: 10.529934 | AB9: 45035.698 | AC9: 47.58757 | AD9: 118.09 | AF9: =AI45 -> 113.54652 | AG9: =AD29 -> 113.56 | AH9: 6 | AI9: 45039.479 | AJ9: 45039.846 | AK9: 45040.458 | AL9: TRUE | AM9: 45039.719 | AN9: 113.7204 | AO9: 7 | AP9: 7 | AQ9: 1.75 | AR9: 47.355
A10: 45003.646 | B10: 0.0004610992 | C10: 36.602484 | D10: 83.26 | E10: 40582 | F10: =E10/60 -> 676.36667 | G10: =F10*B10 -> 0.31187213 | H10: =17.285*G10^0.664 -> 7.9738823 | J10: 44986.073 | K10: 10.529934 | AB10: 45035.708 | AC10: 46.52886 | AD10: 118.09 | AH10: 7 | AI10: 45040.458 | AJ10: 45040.742 | AK10: 45041.458 | AL10: FALSE | AO10: 0 | AP10: 0 | AQ10: 0
A11: 45003.656 | B11: 0.00044448718 | C11: 36.602484 | D11: 83.49 | E11: 40899 | F11: =E11/60 -> 681.65 | G11: =F11*B11 -> 0.30298469 | H11: =17.285*G11^0.664 -> 7.8222684 | J11: 44986.083 | K11: 14.602154 | AB11: 45035.719 | AC11: 44.24524 | AD11: 118.09 | AF11: =AI52 -> 112.33125 | AG11: =AD36 -> 112.34 | AH11: 8 | AI11: 45043.5 | AJ11: 45043.867 | AK11: 45044.5 | AL11: TRUE | AM11: 45043.646 | AN11: 112.6632 | AO11: 8 | AP11: 9 | AQ11: 2.25 | AR11: 101.105
A12: 45003.667 | B12: 0.00050447863 | C12: 38.836464 | D12: 83.72 | E12: 41331 | F12: =E12/60 -> 688.85 | G12: =F12*B12 -> 0.3475101 | H12: =17.285*G12^0.664 -> 8.5678482 | J12: 44986.094 | K12: 11.206124 | AB12: 45035.729 | AC12: 44.17113 | AD12: 118.09 | AF12: =AI59 -> 115.16063 | AG12: =AD46 -> 115.14 | AH12: 9 | AI12: 45045.5 | AJ12: 45045.846 | AK12: 45046.5 | AL12: TRUE | AM12: 45046.344 | AN12: 114.89098 | AO12: 5 | AP12: 5 | AQ12: 1.25 | AR12: 44.466
A13: 45003.677 | B13: 0.0004621351 | C13: 38.096997 | D13: 84.01 | E13: 40141 | F13: =E13/60 -> 669.01667 | G13: =F13*B13 -> 0.30917609 | H13: =17.285*G13^0.664 -> 7.9280448 | J13: 44986.104 | K13: 12.549625 | AB13: 45037.948 | AC13: 45.47138 | AD13: 108.17 | AF13: =AI66 -> 115.21349 | AG13: =AD51 -> 115.91 | AH13: 10 | AI13: 45046.5 | AJ13: 45046.825 | AK13: 45047.458 | AL13: TRUE | AM13: 45046.562 | AN13: 116.55532 | AO13: 6 | AP13: 24 | AQ13: 6 | AR13: 47.503
A14: 45003.688 | B14: 0.00051127134 | C14: 36.602484 | D14: 84.09 | E14: 40006 | F14: =E14/60 -> 666.76667 | G14: =F14*B14 -> 0.34089869 | H14: =17.285*G14^0.664 -> 8.4592645 | J14: 44986.115 | K14: 10.529934 | AB14: 45038.281 | AC14: 44.75703 | AD14: 107.76 | AH14: 11 | AI14: 45047.458 | AJ14: 45047.981 | AK14: 45048.542 | AL14: FALSE | AO14: 0 | AP14: 0 | AQ14: 0
A15: 45003.698 | B15: 0.00043784814 | C15: 34.564747 | D15: 84.31 | E15: 41034 | F15: =E15/60 -> 683.9 | G15: =F15*B15 -> 0.29944434 | H15: =17.285*G15^0.664 -> 7.7614575 | J15: 44986.125 | K15: 12.549625 | AB15: 45038.333 | AC15: 44.80774 | AD15: 107.4 | AF15: =AI73 -> 115.37904 | AG15: =AD75 -> 115.36 | AH15: 12 | AI15: 45048.542 | AJ15: 45048.815 | AK15: 45049.479 | AL15: TRUE | AM15: 45048.635 | AN15: 118.40602 | AO15: 3 | AP15: 18 | AQ15: 4.5 | AR15: 54.056
A16: 45003.708 | B16: 0.00042293793 | C16: 34.564747 | D16: 84.78 | E16: 41052 | F16: =E16/60 -> 684.2 | G16: =F16*B16 -> 0.28937413 | H16: =17.285*G16^0.664 -> 7.5871493 | J16: 44986.135 | K16: 12.549625 | AB16: 45038.365 | AC16: 44.41661 | AD16: 107.3 | AF16: =AI80 -> 116.73995 | AG16: =AD88 -> 116.34 | AH16: 13 | AI16: 45049.479 | AJ16: 45049.804 | AK16: 45050.417 | AL16: TRUE | AM16: 45049.458 | AN16: 115.75512 | AO16: 20 | AP16: 54 | AQ16: 13.5 | AR16: 53.784
A17: 45003.719 | B17: 0.00046194704 | C17: 32.718214 | D17: 85.06 | E17: 41675 | F17: =E17/60 -> 694.58333 | G17: =F17*B17 -> 0.32086072 | H17: =17.285*G17^0.664 -> 8.1257522 | J17: 44986.146 | K17: 14.602154 | AB17: 45038.385 | AC17: 45.71622 | AD17: 107.22 | AF17: =AI87 -> 121.52933 | AG17: =AD134 -> 120.63 | AH17: 14 | AI17: 45050.458 | AJ17: 45050.783 | AK17: 45051.375 | AL17: TRUE | AM17: 45050.375 | AN17: 121.12197 | AO17: 11 | AP17: 29 | AQ17: 7.25 | AR17: 53.784
A18: 45003.729 | B18: 0.00047564928 | C18: 38.836464 | D18: 85.12 | E18: 41407 | F18: =E18/60 -> 690.11667 | G18: =F18*B18 -> 0.3282535 | H18: =17.285*G18^0.664 -> 8.2495906 | J18: 44986.156 | K18: 11.194617 | AB18: 45038.427 | AC18: 46.22954 | AD18: 106.5 | AH18: 15 | AI18: 45051.417 | AJ18: 45051.783 | AK18: 45052.375 | AL18: FALSE | AO18: 0 | AP18: 0 | AQ18: 0
A19: 45003.74 | B19: 0.00088248321 | C19: 40.323477 | D19: 85.26 | E19: 41464 | F19: =E19/60 -> 691.06667 | G19: =F19*B19 -> 0.60985473 | H19: =17.285*G19^0.664 -> 12.446857 | J19: 44986.167 | K19: 12.549625 | AB19: 45038.469 | AC19: 44.70071 | AD19: 106.2
A20: 45003.75 | B20: 0.00093484034 | C20: 38.836464 | D20: 85.44 | E20: 41415 | F20: =E20/60 -> 690.25 | G20: =F20*B20 -> 0.64527354 | H20: =17.285*G20^0.664 -> 12.922285 | J20: 44986.177 | K20: 15.987649 | AB20: 45038.521 | AC20: 44.78042 | AD20: 106.13 | AH20: Event 3 | AI20: Interpolated Rising D50 | AK20: Interpolated Rising D25
A21: 45003.76 | B21: 0.0010144412 | C21: 42.550901 | D21: 85.47 | E21: 41533 | F21: =E21/60 -> 692.21667 | G21: =F21*B21 -> 0.70221311 | H21: =17.285*G21^0.664 -> 13.668623 | J21: 44986.188 | K21: 11.875872 | AB21: 45038.542 | AC21: 45.42628 | AD21: 106.31 | AI21: Total | AJ21: Dmax (mm) | AL21: Total | AM21: Dmax (mm)
A22: 45003.771 | B22: 0.00067653363 | C22: 38.096997 | D22: 85.62 | E22: 41204 | F22: =E22/60 -> 686.73333 | G22: =F22*B22 -> 0.46459819 | H22: =17.285*G22^0.664 -> 10.38984 | J22: 44986.198 | K22: 11.875872 | AB22: 45038.646 | AC22: 44.19458 | AD22: 106.66 | AH22: =A380 -> 45035.646 | AI22: =D380 -> 115.78 | AJ22: =H380 -> 43.851588
A23: 45003.781 | B23: 0.00049611092 | C23: 40.323477 | D23: 85.72 | E23: 40817 | F23: =E23/60 -> 680.28333 | G23: =F23*B23 -> 0.33749599 | H23: =17.285*G23^0.664 -> 8.4031041 | J23: 44986.208 | K23: 13.918406 | AB23: 45038.656 | AC23: 44.46058 | AD23: 106.76 | AH23: =AB5 -> 45035.656 | AI23: =AD5 -> 116.22 | AJ23: =AC5 -> 46.26313
A24: 45003.792 | B24: 0.00043272363 | C24: 38.096997 | D24: 85.74 | E24: 41118 | F24: =E24/60 -> 685.3 | G24: =F24*B24 -> 0.2965455 | H24: =17.285*G24^0.664 -> 7.7114853 | J24: 44986.219 | K24: 13.918406 | AB24: 45038.688 | AC24: 45.40006 | AD24: 107.55 | AH24: =_xlfn.FORECAST.LINEAR(AJ24,AH22:AH23,AJ22:AJ23) -> 45035.646 | AI24: =_xlfn.FORECAST.LINEAR(AJ24,AI22:AI23,AJ22:AJ23) -> 115.78883 | AJ24: 43.9 | AK24: =_xlfn.FORECAST.LINEAR(AM24,AK22:AK23,AM22:AM23) -> #DIV/0! | AL24: =_xlfn.FORECAST.LINEAR(AM24,AL22:AL23,AM22:AM23) -> #DIV/0! | AM24: 24.3
A25: 45003.802 | B25: 0.00045373906 | C25: 42.550901 | D25: 85.75 | E25: 41494 | F25: =E25/60 -> 691.56667 | G25: =F25*B25 -> 0.31379081 | H25: =17.285*G25^0.664 -> 8.0064223 | J25: 44986.229 | K25: 13.90664 | N25: D50 | O25: 44986 | P25: 44 | AB25: 45038.74 | AC25: 46.06356 | AD25: 109.34 | AH25: Dimensionless | AI25: =AI24/(1650*9.81*0.04364) -> 0.16391888 | AK25: Dimensionless | AL25: =AL24/(1650*9.81*0.04364) -> #DIV/0!
A26: 45003.812 | B26: 0.000470571 | C26: 44.046561 | D26: 85.75 | E26: 41136 | F26: =E26/60 -> 685.6 | G26: =F26*B26 -> 0.32262348 | H26: =17.285*G26^0.664 -> 8.155367 | J26: 44986.24 | K26: 15.975782 | O26: 45059.844 | P26: 44 | AB26: 45039.083 | AC26: 44.54426 | AD26: 111.64
A27: 45003.823 | B27: 0.00048103402 | C27: 46.186479 | D27: 85.75 | E27: 41334 | F27: =E27/60 -> 688.9 | G27: =F27*B27 -> 0.33138434 | H27: =17.285*G27^0.664 -> 8.3017532 | J27: 44986.25 | K27: 18.054224 | N27: D84 | O27: 44986 | P27: 82 | AB27: 45039.115 | AC27: 45.63105 | AD27: 111.62 | AH27: Event 4 | AI27: Interpolated Rising D50 | AK27: Interpolated Rising D25
A28: 45003.833 | B28: 0.00042151203 | C28: 40.323477 | D28: 85.77 | E28: 41564 | F28: =E28/60 -> 692.73333 | G28: =F28*B28 -> 0.29199544 | H28: =17.285*G28^0.664 -> 7.6327158 | J28: 44986.26 | K28: 15.288137 | O28: 45059.844 | P28: 82 | AB28: 45039.208 | AC28: 44.20621 | AD28: 111.8 | AI28: Total | AJ28: Dmax (mm) | AL28: Total | AM28: Dmax (mm)
A29: 45003.844 | B29: 0.00049358543 | C29: 40.323477 | D29: 85.78 | E29: 40809 | F29: =E29/60 -> 680.15 | G29: =F29*B29 -> 0.33571213 | H29: =17.285*G29^0.664 -> 8.3735862 | J29: 44986.271 | K29: 13.90664 | AB29: 45039.719 | AC29: 44.09589 | AD29: 113.56 | AH29: =A387 -> 45035.719 | AI29: =D600 -> 108.25 | AJ29: =H600 -> 42.27746
A30: 45003.854 | B30: 0.0004062118 | C30: 40.323477 | D30: 85.78 | E30: 42069 | F30: =E30/60 -> 701.15 | G30: =F30*B30 -> 0.2848154 | H30: =17.285*G30^0.664 -> 7.5075724 | J30: 44986.281 | K30: 13.90664 | AB30: 45039.771 | AC30: 44.22391 | AD30: 114.01 | AH30: =AB13 -> 45037.948 | AI30: =AD13 -> 108.17 | AJ30: =AC13 -> 45.47138
A31: 45003.865 | B31: 0.00041839633 | C31: 41.056842 | D31: 85.82 | E31: 41568 | F31: =E31/60 -> 692.8 | G31: =F31*B31 -> 0.28986498 | H31: =17.285*G31^0.664 -> 7.5956923 | J31: 44986.292 | K31: 13.90664 | AB31: 45040.208 | AC31: 44.025 | AD31: 112.47 | AH31: =_xlfn.FORECAST.LINEAR(AJ31,AH29:AH30,AJ29:AJ30) -> 45036.851 | AI31: =_xlfn.FORECAST.LINEAR(AJ31,AI29:AI30,AJ29:AJ30) -> 108.20936 | AJ31: 43.9 | AK31: =_xlfn.FORECAST.LINEAR(AM31,AK29:AK30,AM29:AM30) -> #DIV/0! | AL31: =_xlfn.FORECAST.LINEAR(AM31,AL29:AL30,AM29:AM30) -> #DIV/0! | AM31: 24.3
A32: 45003.875 | B32: 0.00042361399 | C32: 38.836464 | D32: 85.82 | E32: 41898 | F32: =E32/60 -> 698.3 | G32: =F32*B32 -> 0.29580965 | H32: =17.285*G32^0.664 -> 7.6987741 | J32: 44986.302 | K32: 13.90664 | AB32: 45040.229 | AC32: 44.933 | AD32: 112.28 | AH32: Dimensionless | AI32: =AI31/(1650*9.81*0.04364) -> 0.15318884 | AK32: Dimensionless | AL32: =AL31/(1650*9.81*0.04364) -> #DIV/0!
A33: 45003.885 | B33: 0.00043909497 | C33: 40.323477 | D33: 85.88 | E33: 41508 | F33: =E33/60 -> 691.8 | G33: =F33*B33 -> 0.3037659 | H33: =17.285*G33^0.664 -> 7.8356548 | J33: 44986.312 | K33: 17.364657 | AB33: 45040.344 | AC33: 44.248 | AD33: 110.98
A34: 45003.896 | B34: 0.00043368549 | C34: 40.323477 | D34: 85.92 | E34: 41750 | F34: =E34/60 -> 695.83333 | G34: =F34*B34 -> 0.30177282 | H34: =17.285*G34^0.664 -> 7.8014797 | J34: 44986.323 | K34: 15.288137 | AB34: 45040.406 | AC34: 47.355 | AD34: 110.23 | AH34: Event 5 | AI34: Interpolated Rising D50 | AK34: Interpolated Rising D25
A35: 45003.906 | B35: 0.00038942324 | C35: 36.602484 | D35: 85.94 | E35: 40861 | F35: =E35/60 -> 681.01667 | G35: =F35*B35 -> 0.26520372 | H35: =17.285*G35^0.664 -> 7.160218 | J35: 44986.333 | K35: 17.364657 | AB35: 45040.448 | AC35: 44.002 | AD35: 110 | AI35: Total | AJ35: Dmax (mm) | AL35: Total | AM35: Dmax (mm)
A36: 45003.917 | B36: 0.0004263185 | C36: 38.836464 | D36: 85.98 | E36: 41339 | F36: =E36/60 -> 688.98333 | G36: =F36*B36 -> 0.29372634 | H36: =17.285*G36^0.664 -> 7.6627289 | J36: 44986.344 | K36: 13.90664 | AB36: 45043.646 | AC36: 44.916 | AD36: 112.34 | AH36: =A657 -> 45038.531 | AI36: =D657 -> 106.2 | AJ36: =H657 -> 41.881259
A37: 45003.927 | B37: 0.00042655915 | C37: 41.056842 | D37: 86.06 | E37: 41626 | F37: =E37/60 -> 693.76667 | G37: =F37*B37 -> 0.29593252 | H37: =17.285*G37^0.664 -> 7.7008973 | J37: 44986.354 | K37: 8.5666406 | AB37: 45043.698 | AC37: 44.011 | AD37: 113.42 | AH37: =AB21 -> 45038.542 | AI37: =AD21 -> 106.31 | AJ37: =AC21 -> 45.42628
A38: 45003.938 | B38: 0.00044480735 | C38: 42.550901 | D38: 86.11 | E38: 40921 | F38: =E38/60 -> 682.01667 | G38: =F38*B38 -> 0.30336602 | H38: =17.285*G38^0.664 -> 7.8288042 | J38: 44986.365 | K38: 11.864288 | AB38: 45043.938 | AC38: 44.412 | AD38: 115.06 | AH38: =_xlfn.FORECAST.LINEAR(AJ38,AH36:AH37,AJ36:AJ37) -> 45038.537 | AI38: =_xlfn.FORECAST.LINEAR(AJ38,AI36:AI37,AJ36:AJ37) -> 106.26264 | AJ38: 43.9 | AK38: =_xlfn.FORECAST.LINEAR(AM38,AK36:AK37,AM36:AM37) -> #DIV/0! | AL38: =_xlfn.FORECAST.LINEAR(AM38,AL36:AL37,AM36:AM37) -> #DIV/0! | AM38: 24.3
A39: 45003.948 | B39: 0.00060582569 | C39: 44.757543 | D39: 86.15 | E39: 41102 | F39: =E39/60 -> 685.03333 | G39: =F39*B39 -> 0.41501079 | H39: =17.285*G39^0.664 -> 9.6396401 | J39: 44986.375 | K39: 8.5666406 | AB39: 45044.125 | AC39: 101.105 | AD39: 114.76 | AH39: Dimensionless | AI39: =AI38/(1650*9.81*0.04364) -> 0.15043293 | AK39: Dimensionless | AL39: =AL38/(1650*9.81*0.04364) -> #DIV/0!
A40: 45003.958 | B40: 0.00043903453 | C40: 44.03426 | D40: 86.26 | E40: 41792 | F40: =E40/60 -> 696.53333 | G40: =F40*B40 -> 0.30580219 | H40: =17.285*G40^0.664 -> 7.8704929 | J40: 44986.385 | K40: 8.5666406 | AB40: 45044.271 | AC40: 44.694 | AD40: 114.38
A41: 45003.969 | B41: 0.00051392382 | C41: 46.17431 | D41: 86.3 | E41: 41214 | F41: =E41/60 -> 686.9 | G41: =F41*B41 -> 0.35301427 | H41: =17.285*G41^0.664 -> 8.6577183 | J41: 44986.396 | K41: 3.8698278 | AB41: 45044.292 | AC41: 44.385 | AD41: 114.28 | AH41: Event 6 | AI41: Interpolated Rising D50 | AK41: Interpolated Rising D25
A42: 45003.979 | B42: 0.00049935881 | C42: 46.17431 | D42: 86.3 | E42: 41672 | F42: =E42/60 -> 694.53333 | G42: =F42*B42 -> 0.34682134 | H42: =17.285*G42^0.664 -> 8.5565687 | J42: 44986.406 | K42: 6.0890342 | AB42: 45044.312 | AC42: 44.114 | AD42: 114.37 | AI42: Total | AJ42: Dmax (mm) | AL42: Total | AM42: Dmax (mm)
A43: 45003.99 | B43: 0.00047515958 | C43: 42.537917 | D43: 86.3 | E43: 41407 | F43: =E43/60 -> 690.11667 | G43: =F43*B43 -> 0.32791555 | H43: =17.285*G43^0.664 -> 8.2439502 | J43: 44986.417 | K43: 9.2095991 | AB43: 45044.5 | AC43: 44.25 | AD43: 112.5 | AH43: =A770 -> 45039.708 | AI43: =D770 -> 113.36 | AJ43: =H770 -> 41.189822
A44: 45004 | B44: 0.00046314746 | C44: 44.745285 | D44: 86.3 | E44: 41512 | F44: =E44/60 -> 691.86667 | G44: =F44*B44 -> 0.32043629 | H44: =17.285*G44^0.664 -> 8.1186136 | J44: 44986.427 | K44: 7.3016945 | AB44: 45044.51 | AC44: 44.974 | AD44: 112.5 | AH44: =AB29 -> 45039.719 | AI44: =AD29 -> 113.56 | AJ44: =AC29 -> 44.09589
A45: 45004.01 | B45: 0.00044071842 | C45: 42.537917 | D45: 86.34 | E45: 41275 | F45: =E45/60 -> 687.91667 | G45: =F45*B45 -> 0.30317754 | H45: =17.285*G45^0.664 -> 7.8255742 | J45: 44986.438 | K45: 7.3016945 | AB45: 45044.938 | AC45: 44.264 | AD45: 113.81 | AH45: =_xlfn.FORECAST.LINEAR(AJ45,AH43:AH44,AJ43:AJ44) -> 45039.718 | AI45: =_xlfn.FORECAST.LINEAR(AJ45,AI43:AI44,AJ43:AJ44) -> 113.54652 | AJ45: 43.9 | AK45: =_xlfn.FORECAST.LINEAR(AM45,AK43:AK44,AM43:AM44) -> #DIV/0! | AL45: =_xlfn.FORECAST.LINEAR(AM45,AL43:AL44,AM43:AM44) -> #DIV/0! | AM45: 24.3
A46: 45004.021 | B46: 0.00052562063 | C46: 42.537917 | D46: 86.34 | E46: 41101 | F46: =E46/60 -> 685.01667 | G46: =F46*B46 -> 0.36005889 | H46: =17.285*G46^0.664 -> 8.7720564 | J46: 44986.448 | K46: 5.5094959 | AB46: 45046.344 | AC46: 44.168 | AD46: 115.14 | AH46: Dimensionless | AI46: =AI45/(1650*9.81*0.04364) -> 0.1607445 | AK46: Dimensionless | AL46: =AL45/(1650*9.81*0.04364) -> #DIV/0!
A47: 45004.031 | B47: 0.00043579339 | C47: 42.537917 | D47: 86.34 | E47: 40727 | F47: =E47/60 -> 678.78333 | G47: =F47*B47 -> 0.29580929 | H47: =17.285*G47^0.664 -> 7.6987679 | J47: 44986.458 | K47: 4.3928947 | AB47: 45046.385 | AC47: 44.466 | AD47: 114.9
A48: 45004.042 | B48: 0.00050013803 | C48: 46.878742 | D48: 86.35 | E48: 41050 | F48: =E48/60 -> 684.16667 | G48: =F48*B48 -> 0.34217777 | H48: =17.285*G48^0.664 -> 8.4803265 | J48: 44986.469 | K48: 7.3016945 | AB48: 45046.406 | AC48: 44.133 | AD48: 114.82 | AH48: Event 8 | AI48: Interpolated Rising D50 | AK48: Interpolated Rising D25
A49: 45004.052 | B49: 0.00053995543 | C49: 42.537917 | D49: 86.35 | E49: 40977 | F49: =E49/60 -> 682.95 | G49: =F49*B49 -> 0.36876256 | H49: =17.285*G49^0.664 -> 8.9122892 | J49: 44986.479 | K49: 5.5094959 | AB49: 45046.427 | AC49: 44.303 | AD49: 114.74 | AI49: Total | AJ49: Dmax (mm) | AL49: Total | AM49: Dmax (mm)
A50: 45004.062 | B50: 0.0005094566 | C50: 44.745285 | D50: 86.35 | E50: 41121 | F50: =E50/60 -> 685.35 | G50: =F50*B50 -> 0.34915608 | H50: =17.285*G50^0.664 -> 8.5947729 | J50: 44986.49 | K50: 2.9994848 | AB50: 45046.469 | AC50: 44.44 | AD50: 114.73 | AH50: =A1146 -> 45043.635 | AI50: =D1146 -> 112.29 | AJ50: =H1146 -> 39.107994
A51: 45004.073 | B51: 0.00051761612 | C51: 44.03426 | D51: 86.36 | E51: 41080 | F51: =E51/60 -> 684.66667 | G51: =F51*B51 -> 0.35439451 | H51: =17.285*G51^0.664 -> 8.6801802 | J51: 44986.5 | K51: 6.0890342 | AB51: 45046.562 | AC51: 44.456 | AD51: 115.91 | AH51: =AB36 -> 45043.646 | AI51: =AD36 -> 112.34 | AJ51: =AC36 -> 44.916
A52: 45004.083 | B52: 0.00043882573 | C52: 44.03426 | D52: 86.35 | E52: 40875 | F52: =E52/60 -> 681.25 | G52: =F52*B52 -> 0.29895003 | H52: =17.285*G52^0.664 -> 7.7529476 | J52: 44986.51 | K52: 5.5094959 | AB52: 45046.74 | AC52: 45.962 | AD52: 119.28 | AH52: =_xlfn.FORECAST.LINEAR(AJ52,AH50:AH51,AJ50:AJ51) -> 45043.644 | AI52: =_xlfn.FORECAST.LINEAR(AJ52,AI50:AI51,AJ50:AJ51) -> 112.33125 | AJ52: 43.9 | AK52: =_xlfn.FORECAST.LINEAR(AM52,AK50:AK51,AM50:AM51) -> #DIV/0! | AL52: =_xlfn.FORECAST.LINEAR(AM52,AL50:AL51,AM50:AM51) -> #DIV/0! | AM52: 24.3
A53: 45004.094 | B53: 0.00048652033 | C53: 46.17431 | D53: 86.3 | E53: 40597 | F53: =E53/60 -> 676.61667 | G53: =F53*B53 -> 0.32918777 | H53: =17.285*G53^0.664 -> 8.2651738 | J53: 44986.521 | K53: 5.5094959 | AB53: 45046.781 | AC53: 47.503 | AD53: 119.42 | AH53: Dimensionless | AI53: =AI52/(1650*9.81*0.04364) -> 0.15902409 | AK53: Dimensionless | AL53: =AL52/(1650*9.81*0.04364) -> #DIV/0!
A54: 45004.104 | B54: 0.00052698867 | C54: 46.17431 | D54: 86.25 | E54: 40453 | F54: =E54/60 -> 674.21667 | G54: =F54*B54 -> 0.35530454 | H54: =17.285*G54^0.664 -> 8.694974 | J54: 44986.531 | K54: 3.8698278 | AB54: 45046.812 | AC54: 44.869 | AD54: 119.5
A55: 45004.115 | B55: 0.00050808626 | C55: 46.890863 | D55: 86.23 | E55: 40492 | F55: =E55/60 -> 674.86667 | G55: =F55*B55 -> 0.34289048 | H55: =17.285*G55^0.664 -> 8.4920509 | J55: 44986.542 | K55: 5.5094959 | AB55: 45046.823 | AC55: 44.989 | AD55: 119.5 | AH55: Event 9 | AI55: Interpolated Rising D50 | AK55: Interpolated Rising D25
A56: 45004.125 | B56: 0.00041192868 | C56: 41.056842 | D56: 86.23 | E56: 40772 | F56: =E56/60 -> 679.53333 | G56: =F56*B56 -> 0.27991927 | H56: =17.285*G56^0.664 -> 7.4216277 | J56: 44986.552 | K56: 7.3016945 | AB56: 45046.969 | AC56: 44.274 | AD56: 118.19 | AI56: Total | AJ56: Dmax (mm) | AL56: Total | AM56: Dmax (mm)
A57: 45004.135 | B57: 0.00046980121 | C57: 48.302257 | D57: 86.09 | E57: 40627 | F57: =E57/60 -> 677.11667 | G57: =F57*B57 -> 0.31811023 | H57: =17.285*G57^0.664 -> 8.0794339 | J57: 44986.562 | K57: 3.8698278 | AB57: 45046.979 | AC57: 44.372 | AD57: 118.19 | AH57: =A1405 -> 45046.333 | AI57: =D1405 -> 115.24 | AJ57: =H1405 -> 42.868983
A58: 45004.146 | B58: 0.00044967652 | C58: 46.186479 | D58: 85.97 | E58: 39806 | F58: =E58/60 -> 663.43333 | G58: =F58*B58 -> 0.29833039 | H58: =17.285*G58^0.664 -> 7.7422738 | J58: 44986.573 | K58: 5.5094959 | AB58: 45046.99 | AC58: 44.637 | AD58: 118.14 | AH58: =AB46 -> 45046.344 | AI58: =AD46 -> 115.14 | AJ58: =AC46 -> 44.168
A59: 45004.156 | B59: 0.00045870793 | C59: 46.186479 | D59: 85.96 | E59: 39951 | F59: =E59/60 -> 665.85 | G59: =F59*B59 -> 0.30543068 | H59: =17.285*G59^0.664 -> 7.8641427 | J59: 44986.583 | K59: 5.5193515 | AB59: 45047 | AC59: 44 | AD59: 118.11 | AH59: =_xlfn.FORECAST.LINEAR(AJ59,AH57:AH58,AJ57:AJ58) -> 45046.342 | AI59: =_xlfn.FORECAST.LINEAR(AJ59,AI57:AI58,AJ57:AJ58) -> 115.16063 | AJ59: 43.9 | AK59: =_xlfn.FORECAST.LINEAR(AM59,AK57:AK58,AM57:AM58) -> #DIV/0! | AL59: =_xlfn.FORECAST.LINEAR(AM59,AL57:AL58,AM57:AM58) -> #DIV/0! | AM59: 24.3
A60: 45004.167 | B60: 0.00056257964 | C60: 48.302257 | D60: 85.94 | E60: 40374 | F60: =E60/60 -> 672.9 | G60: =F60*B60 -> 0.37855984 | H60: =17.285*G60^0.664 -> 9.0688187 | J60: 44986.594 | K60: 5.5193515 | AB60: 45047.01 | AC60: 44.575 | AD60: 118.11 | AH60: Dimensionless | AI60: =AI59/(1650*9.81*0.04364) -> 0.16302955 | AK60: Dimensionless | AL60: =AL59/(1650*9.81*0.04364) -> #DIV/0!
A61: 45004.177 | B61: 0.00049027921 | C61: 46.186479 | D61: 85.92 | E61: 40507 | F61: =E61/60 -> 675.11667 | G61: =F61*B61 -> 0.33099566 | H61: =17.285*G61^0.664 -> 8.2952866 | J61: 44986.604 | K61: 3.8698278 | AB61: 45047.188 | AC61: 44.051 | AD61: 117.57
A62: 45004.188 | B62: 0.00042955226 | C62: 46.17431 | D62: 85.92 | E62: 40702 | F62: =E62/60 -> 678.36667 | G62: =F62*B62 -> 0.29139393 | H62: =17.285*G62^0.664 -> 7.622272 | J62: 44986.615 | K62: 5.5094959 | AB62: 45047.198 | AC62: 44.503 | AD62: 117.45 | AH62: Event 10 | AI62: Interpolated Rising D50 | AK62: Interpolated Rising D25
A63: 45004.198 | B63: 0.00048054032 | C63: 46.17431 | D63: 85.92 | E63: 39674 | F63: =E63/60 -> 661.23333 | G63: =F63*B63 -> 0.31774928 | H63: =17.285*G63^0.664 -> 8.0733455 | J63: 44986.625 | K63: 2.6558198 | AB63: 45047.208 | AC63: 44.897 | AD63: 117.39 | AI63: Total | AJ63: Dmax (mm) | AL63: Total | AM63: Dmax (mm)
A64: 45004.208 | B64: 0.00045648981 | C64: 46.17431 | D64: 85.92 | E64: 39473 | F64: =E64/60 -> 657.88333 | G64: =F64*B64 -> 0.30031704 | H64: =17.285*G64^0.664 -> 7.7764697 | J64: 44986.635 | K64: 2.8809824 | AB64: 45047.219 | AC64: 45.232 | AD64: 117.35 | AH64: =A1426 -> 45046.552 | AI64: =D1426 -> 115.29 | AJ64: =H1426 -> 43.961074
A65: 45004.219 | B65: 0.00055794281 | C65: 49.691464 | D65: 85.89 | E65: 39474 | F65: =E65/60 -> 657.9 | G65: =F65*B65 -> 0.36707057 | H65: =17.285*G65^0.664 -> 8.8851159 | J65: 44986.646 | K65: 2.5469425 | AB65: 45047.229 | AC65: 45.509 | AD65: 117.27 | AH65: =AB51 -> 45046.562 | AI65: =AD51 -> 115.91 | AJ65: =AC51 -> 44.456
A66: 45004.229 | B66: 0.00050657898 | C66: 48.290232 | D66: 85.85 | E66: 39955 | F66: =E66/60 -> 665.91667 | G66: =F66*B66 -> 0.33733939 | H66: =17.285*G66^0.664 -> 8.4005149 | J66: 44986.656 | K66: 2.8809824 | AB66: 45047.24 | AC66: 45.73 | AD66: 117.23 | AH66: =_xlfn.FORECAST.LINEAR(AJ66,AH64:AH65,AJ64:AJ65) -> 45046.551 | AI66: =_xlfn.FORECAST.LINEAR(AJ66,AI64:AI65,AJ64:AJ65) -> 115.21349 | AJ66: 43.9 | AK66: =_xlfn.FORECAST.LINEAR(AM66,AK64:AK65,AM64:AM65) -> #DIV/0! | AL66: =_xlfn.FORECAST.LINEAR(AM66,AL64:AL65,AM64:AM65) -> #DIV/0! | AM66: 24.3
A67: 45004.24 | B67: 0.0004120518 | C67: 44.03426 | D67: 85.79 | E67: 39618 | F67: =E67/60 -> 660.3 | G67: =F67*B67 -> 0.27207781 | H67: =17.285*G67^0.664 -> 7.2829212 | J67: 44986.667 | K67: 3.8786797 | AB67: 45047.25 | AC67: 45.894 | AD67: 117.15 | AH67: Dimensionless | AI67: =AI66/(1650*9.81*0.04364) -> 0.16310439 | AK67: Dimensionless | AL67: =AL66/(1650*9.81*0.04364) -> #DIV/0!
A68: 45004.25 | B68: 0.00047120072 | C68: 48.290232 | D68: 85.76 | E68: 40363 | F68: =E68/60 -> 672.71667 | G68: =F68*B68 -> 0.31698458 | H68: =17.285*G68^0.664 -> 8.0604391 | J68: 44986.677 | K68: 6.6940259 | AB68: 45047.26 | AC68: 46.002 | AD68: 116.98
A69: 45004.26 | B69: 0.00052497135 | C69: 48.290232 | D69: 85.73 | E69: 39263 | F69: =E69/60 -> 654.38333 | G69: =F69*B69 -> 0.34353251 | H69: =17.285*G69^0.664 -> 8.5026055 | J69: 44986.688 | K69: 3.0015629 | AB69: 45047.271 | AC69: 45.819 | AD69: 116.76 | AH69: Event 12 | AI69: Interpolated Rising D50 | AK69: Interpolated Rising D25
A70: 45004.271 | B70: 0.00045807384 | C70: 48.290232 | D70: 85.69 | E70: 39286 | F70: =E70/60 -> 654.76667 | G70: =F70*B70 -> 0.29993148 | H70: =17.285*G70^0.664 -> 7.7698392 | J70: 44986.698 | K70: 5.5193515 | AB70: 45047.281 | AC70: 45.594 | AD70: 116.55 | AI70: Total | AJ70: Dmax (mm) | AL70: Total | AM70: Dmax (mm)
A71: 45004.281 | B71: 0.00045054897 | C71: 49.691464 | D71: 85.58 | E71: 37999 | F71: =E71/60 -> 633.31667 | G71: =F71*B71 -> 0.28534017 | H71: =17.285*G71^0.664 -> 7.5167544 | J71: 44986.708 | K71: 7.3123037 | AB71: 45047.292 | AC71: 45.326 | AD71: 116.41 | AH71: =A1622 -> 45048.635 | AI71: =D1622 -> 115.36 | AJ71: =H1622 -> 42.667237
A72: 45004.292 | B72: 0.00041108076 | C72: 47.592533 | D72: 85.45 | E72: 38951 | F72: =E72/60 -> 649.18333 | G72: =F72*B72 -> 0.26686678 | H72: =17.285*G72^0.664 -> 7.1900008 | J72: 44986.719 | K72: 5.5193515 | AB72: 45047.302 | AC72: 45.015 | AD72: 116.29 | AH72: =A1623 -> 45048.646 | AI72: =D1623 -> 115.47 | AJ72: =H1623 -> 49.787885
A73: 45004.302 | B73: 0.00046678391 | C73: 51.763919 | D73: 85.27 | E73: 38114 | F73: =E73/60 -> 635.23333 | G73: =F73*B73 -> 0.2965167 | H73: =17.285*G73^0.664 -> 7.7109879 | J73: 44986.729 | K73: 4.9466302 | AB73: 45047.312 | AC73: 44.66 | AD73: 116.19 | AH73: =_xlfn.FORECAST.LINEAR(AJ73,AH71:AH72,AJ71:AJ72) -> 45048.637 | AI73: =_xlfn.FORECAST.LINEAR(AJ73,AI71:AI72,AJ71:AJ72) -> 115.37904 | AJ73: 43.9 | AK73: =_xlfn.FORECAST.LINEAR(AM73,AK71:AK72,AM71:AM72) -> #DIV/0! | AL73: =_xlfn.FORECAST.LINEAR(AM73,AL71:AL72,AM71:AM72) -> #DIV/0! | AM73: 24.3
A74: 45004.312 | B74: 0.00043262484 | C74: 47.592533 | D74: 85.1 | E74: 38581 | F74: =E74/60 -> 643.01667 | G74: =F74*B74 -> 0.27818498 | H74: =17.285*G74^0.664 -> 7.3910638 | J74: 44986.74 | K74: 4.9466302 | AB74: 45047.323 | AC74: 44.261 | AD74: 116.01 | AH74: Dimensionless | AI74: =AI73/(1650*9.81*0.04364) -> 0.16333876 | AK74: Dimensionless | AL74: =AL73/(1650*9.81*0.04364) -> #DIV/0!
A75: 45004.323 | B75: 0.00043400476 | C75: 47.592533 | D75: 85.02 | E75: 38940 | F75: =E75/60 -> 649 | G75: =F75*B75 -> 0.28166909 | H75: =17.285*G75^0.664 -> 7.4524008 | J75: 44986.75 | K75: 3.8786797 | AB75: 45048.635 | AC75: 42.667 | AD75: 115.36
A76: 45004.333 | B76: 0.00042360466 | C76: 42.537917 | D76: 84.84 | E76: 37819 | F76: =E76/60 -> 630.31667 | G76: =F76*B76 -> 0.26700508 | H76: =17.285*G76^0.664 -> 7.1924748 | J76: 44986.76 | K76: 3.8786797 | AB76: 45048.646 | AC76: 49.788 | AD76: 115.47 | AH76: Event 13 | AI76: Interpolated Rising D50 | AK76: Interpolated Rising D25
A77: 45004.344 | B77: 0.00041287343 | C77: 42.537917 | D77: 84.69 | E77: 37969 | F77: =E77/60 -> 632.81667 | G77: =F77*B77 -> 0.26127319 | H77: =17.285*G77^0.664 -> 7.0895776 | J77: 44986.771 | K77: 4.9466302 | AB77: 45048.656 | AC77: 45.808 | AD77: 115.72 | AI77: Total | AJ77: Dmax (mm) | AL77: Total | AM77: Dmax (mm)
A78: 45004.354 | B78: 0.00043556722 | C78: 40.310796 | D78: 84.55 | E78: 38404 | F78: =E78/60 -> 640.06667 | G78: =F78*B78 -> 0.27879206 | H78: =17.285*G78^0.664 -> 7.4017697 | J78: 44986.781 | K78: 6.6940259 | AB78: 45048.667 | AC78: 46.731 | AD78: 115.89 | AH78: =A1700 -> 45049.448 | AI78: =D1700 -> 116.81 | AJ78: =H1700 -> 42.980725
A79: 45004.365 | B79: 0.00042189255 | C79: 44.03426 | D79: 84.39 | E79: 37853 | F79: =E79/60 -> 630.88333 | G79: =F79*B79 -> 0.26616498 | H79: =17.285*G79^0.664 -> 7.1774403 | J79: 44986.792 | K79: 6.6940259 | AB79: 45048.677 | AC79: 49.457 | AD79: 116.02 | AH79: =AB88 -> 45049.49 | AI79: =AD88 -> 116.34 | AJ79: =AC88 -> 49.149
A80: 45004.375 | B80: 0.00041076763 | C80: 40.323477 | D80: 84.32 | E80: 38593 | F80: =E80/60 -> 643.21667 | G80: =F80*B80 -> 0.26421258 | H80: =17.285*G80^0.664 -> 7.1424384 | J80: 44986.802 | K80: 6.6940259 | AB80: 45048.688 | AC80: 46.751 | AD80: 116.33 | AH80: =_xlfn.FORECAST.LINEAR(AJ80,AH78:AH79,AJ78:AJ79) -> 45049.454 | AI80: =_xlfn.FORECAST.LINEAR(AJ80,AI78:AI79,AJ78:AJ79) -> 116.73995 | AJ80: 43.9 | AK80: =_xlfn.FORECAST.LINEAR(AM80,AK78:AK79,AM78:AM79) -> #DIV/0! | AL80: =_xlfn.FORECAST.LINEAR(AM80,AL78:AL79,AM78:AM79) -> #DIV/0! | AM80: 24.3
A81: 45004.385 | B81: 0.00037292222 | C81: 36.602484 | D81: 84.15 | E81: 39271 | F81: =E81/60 -> 654.51667 | G81: =F81*B81 -> 0.24408381 | H81: =17.285*G81^0.664 -> 6.7763411 | J81: 44986.812 | K81: 6.6940259 | AB81: 45048.698 | AC81: 49.094 | AD81: 116.6 | AH81: Dimensionless | AI81: =AI80/(1650*9.81*0.04364) -> 0.16526536 | AK81: Dimensionless | AL81: =AL80/(1650*9.81*0.04364) -> #DIV/0!
A82: 45004.396 | B82: 0.00040191931 | C82: 34.564747 | D82: 83.46 | E82: 38471 | F82: =E82/60 -> 641.18333 | G82: =F82*B82 -> 0.25770396 | H82: =17.285*G82^0.664 -> 7.0251207 | J82: 44986.823 | K82: 8.5666406 | AB82: 45048.708 | AC82: 54.056 | AD82: 117.06
A83: 45004.406 | B83: 0.00036188399 | C83: 34.564747 | D83: 82.85 | E83: 39552 | F83: =E83/60 -> 659.2 | G83: =F83*B83 -> 0.23855393 | H83: =17.285*G83^0.664 -> 6.6740102 | J83: 44986.833 | K83: 6.6940259 | AB83: 45049.427 | AC83: 49.745 | AD83: 117.39 | AH83: Event 14 | AI83: Interpolated Rising D50 | AK83: Interpolated Rising D25
A84: 45004.417 | B84: 0.00037129631 | C84: 34.564747 | D84: 82.75 | E84: 38924 | F84: =E84/60 -> 648.73333 | G84: =F84*B84 -> 0.24087229 | H84: =17.285*G84^0.664 -> 6.7170078 | J84: 44986.844 | K84: 7.3123037 | AB84: 45049.438 | AC84: 49.465 | AD84: 117.02 | AI84: Total | AJ84: Dmax (mm) | AL84: Total | AM84: Dmax (mm)
A85: 45004.427 | B85: 0.00033643232 | C85: 29.540552 | D85: 82.16 | E85: 38755 | F85: =E85/60 -> 645.91667 | G85: =F85*B85 -> 0.21730724 | H85: =17.285*G85^0.664 -> 6.2731642 | J85: 44986.854 | K85: 5.5193515 | AB85: 45049.458 | AC85: 50.566 | AD85: 116.61 | AH85: =A1788 -> 45050.365 | AI85: =D1788 -> 121.6 | AJ85: =H1788 -> 43.66977
A86: 45004.438 | B86: 0.00029277109 | C86: 22.886721 | D86: 81.49 | E86: 38637 | F86: =E86/60 -> 643.95 | G86: =F86*B86 -> 0.18852994 | H86: =17.285*G86^0.664 -> 5.7084989 | J86: 44986.865 | K86: 8.5666406 | AB86: 45049.469 | AC86: 49.834 | AD86: 116.43 | AH86: =AB134 -> 45050.458 | AI86: =AD134 -> 120.63 | AJ86: =AC134 -> 46.83
A87: 45004.448 | B87: 0.00032253825 | C87: 28.246537 | D87: 81.33 | E87: 38902 | F87: =E87/60 -> 648.36667 | G87: =F87*B87 -> 0.20912305 | H87: =17.285*G87^0.664 -> 6.1152786 | J87: 44986.875 | K87: 6.6940259 | AB87: 45049.479 | AC87: 47.589 | AD87: 116.43 | AH87: =_xlfn.FORECAST.LINEAR(AJ87,AH85:AH86,AJ85:AJ86) -> 45050.371 | AI87: =_xlfn.FORECAST.LINEAR(AJ87,AI85:AI86,AJ85:AJ86) -> 121.52933 | AJ87: 43.9 | AK87: =_xlfn.FORECAST.LINEAR(AM87,AK85:AK86,AM85:AM86) -> #DIV/0! | AL87: =_xlfn.FORECAST.LINEAR(AM87,AL85:AL86,AM85:AM86) -> #DIV/0! | AM87: 24.3
A88: 45004.458 | B88: 0.00030271234 | C88: 28.246537 | D88: 81.1 | E88: 38588 | F88: =E88/60 -> 643.13333 | G88: =F88*B88 -> 0.1946844 | H88: =17.285*G88^0.664 -> 5.831567 | J88: 44986.885 | K88: 5.5193515 | AB88: 45049.49 | AC88: 49.149 | AD88: 116.34 | AH88: Dimensionless | AI88: =AI87/(1650*9.81*0.04364) -> 0.17204554 | AK88: Dimensionless | AL88: =AL87/(1650*9.81*0.04364) -> #DIV/0!
A89: 45004.469 | B89: 0.00033604613 | C89: 31.45854 | D89: 80.87 | E89: 38204 | F89: =E89/60 -> 636.73333 | G89: =F89*B89 -> 0.21397177 | H89: =17.285*G89^0.664 -> 6.2090633 | J89: 44986.896 | K89: 8.5666406 | AB89: 45049.5 | AC89: 44.746 | AD89: 116.34
A90: 45004.479 | B90: 0.00037915389 | C90: 31.45854 | D90: 80.54 | E90: 38889 | F90: =E90/60 -> 648.15 | G90: =F90*B90 -> 0.24574859 | H90: =17.285*G90^0.664 -> 6.806995 | J90: 44986.906 | K90: 9.8610833 | AB90: 45049.51 | AC90: 45.541 | AD90: 116.34
A91: 45004.49 | B91: 0.00034766552 | C91: 33.335473 | D91: 79.83 | E91: 39608 | F91: =E91/60 -> 660.13333 | G91: =F91*B91 -> 0.2295056 | H91: =17.285*G91^0.664 -> 6.5048325 | J91: 44986.917 | K91: 8.5666406 | AB91: 45049.521 | AC91: 46.664 | AD91: 116.34
A92: 45004.5 | B92: 0.00035539757 | C92: 33.335473 | D92: 79.37 | E92: 39731 | F92: =E92/60 -> 662.18333 | G92: =F92*B92 -> 0.23533835 | H92: =17.285*G92^0.664 -> 6.6141392 | J92: 44986.927 | K92: 6.6940259 | AB92: 45049.531 | AC92: 44.936 | AD92: 116.34
A93: 45004.51 | B93: 0.00035095872 | C93: 33.335473 | D93: 79.33 | E93: 39536 | F93: =E93/60 -> 658.93333 | G93: =F93*B93 -> 0.2312584 | H93: =17.285*G93^0.664 -> 6.5377775 | J93: 44986.938 | K93: 8.5666406 | AB93: 45049.552 | AC93: 46.638 | AD93: 116.43
A94: 45004.521 | B94: 0.00035786836 | C94: 29.540552 | D94: 79.05 | E94: 39417 | F94: =E94/60 -> 656.95 | G94: =F94*B94 -> 0.23510162 | H94: =17.285*G94^0.664 -> 6.6097208 | J94: 44986.948 | K94: 7.9338156 | AB94: 45049.562 | AC94: 45.18 | AD94: 116.61
A95: 45004.531 | B95: 0.00027559971 | C95: 26.264896 | D95: 79.05 | E95: 40449 | F95: =E95/60 -> 674.15 | G95: =F95*B95 -> 0.18579555 | H95: =17.285*G95^0.664 -> 5.6533884 | J95: 44986.958 | K95: 10.529934 | AB95: 45049.573 | AC95: 46.514 | AD95: 116.68
A96: 45004.542 | B96: 0.00029345076 | C96: 26.253466 | D96: 79.05 | E96: 40130 | F96: =E96/60 -> 668.83333 | G96: =F96*B96 -> 0.19626965 | H96: =17.285*G96^0.664 -> 5.8630537 | J96: 44986.969 | K96: 4.9466302 | AB96: 45049.583 | AC96: 45.755 | AD96: 117.29
A97: 45004.552 | B97: 0.0020892577 | C97: 25.588737 | D97: 79.33 | E97: 40076 | F97: =E97/60 -> 667.93333 | G97: =F97*B97 -> 1.3954849 | H97: =17.285*G97^0.664 -> 21.565865 | J97: 44986.979 | K97: 5.5094959 | AB97: 45049.594 | AC97: 48.945 | AD97: 117.72
A98: 45004.562 | B98: 0.00030251573 | C98: 26.264896 | D98: 79.37 | E98: 39980 | F98: =E98/60 -> 666.33333 | G98: =F98*B98 -> 0.20157631 | H98: =17.285*G98^0.664 -> 5.9678405 | J98: 44986.99 | K98: 9.8723815 | AB98: 45049.604 | AC98: 46.816 | AD98: 118.22
A99: 45030.719 | B99: 0.0049261644 | C99: 53.134964 | D99: 105.52 | E99: 38932 | F99: =E99/60 -> 648.86667 | G99: =F99*B99 -> 3.1964239 | H99: =17.285*G99^0.664 -> 37.390952 | I99: d25 | J99: 44987 | K99: 6.6940259 | AB99: 45049.719 | AC99: 46.065 | AD99: 122.37
A100: 45030.729 | B100: 0.0046821063 | C100: 62.31528 | D100: 105.79 | E100: 38800 | F100: =E100/60 -> 646.66667 | G100: =F100*B100 -> 3.0277621 | H100: =17.285*G100^0.664 -> 36.06901 | J100: 44987.01 | K100: 6.6940259 | AB100: 45049.74 | AC100: 44.063 | AD100: 122.87
...

Sheet tauc summary 
A1: 1. Interpolated Rising D50 | J1: 1. Interpolated Rising D50 | S1: 1. Interpolated Rising D50 | W1: 1. Interpolated Rising D50 | AA1: 2. Exceedance of D50
A2: (Pa) | B2: Storm 2 | C2: Storm 3 | D2: Spring | E2: Storm 4 | F2: Storm 5 | G2: Storm 6 | H2: Storm 7 | J2: Dimensionless | K2: Storm 2 | L2: Storm 3 | M2: Spring | N2: Storm 4 | O2: Storm 5 | P2: Storm 6 | Q2: Storm 7 | T2: Mobile | U2: Total | W2: event | X2: datetime | Y2: tauc | AA2: event | AB2: datetime | AC2: tauc
A3: Mobile | B3: ='storms - seasonal amp funct'!C122 -> 8.8489165 | C3: ='storms - seasonal amp funct'!K128 -> 18.054408 | D3: ='storms - seasonal amp funct'!BK27 -> 50.381721 | E3: ='storms - seasonal amp funct'!T129 -> 17.690878 | F3: - | G3: - | H3: ='storms - seasonal amp funct'!AS129 -> 1.493699 | J3: Mobile | K3: =B3/(1650*9.81*0.04364) -> 0.012527154 | L3: =C3/(1650*9.81*0.04364) -> 0.025559101 | M3: =D3/(1650*9.81*0.04364) -> 0.071323936 | N3: =E3/(1650*9.81*0.04364) -> 0.025044461 | O3: - | P3: - | Q3: =H3/(1650*9.81*0.04364) -> 0.0021145862 | S3: Min | T3: =MIN(K3:Q3) -> 0.0021145862 | U3: =MIN(K4:Q4) -> 0.093918104 | W3: 1 | X3: ='storms - seasonal amp funct'!B122 -> 44776.622 | Y3: ='storms - seasonal amp funct'!D123 -> 0.094725974 | AA3: 1 | AB3: ='storms - seasonal amp funct'!B126 -> 44776.626 | AC3: ='storms - seasonal amp funct'!D127 -> 0.099375708
A4: Total | B4: ='storms - seasonal amp funct'!D122 -> 66.912425 | C4: ='storms - seasonal amp funct'!L128 -> 72.370165 | D4: ='storms - seasonal amp funct'!BL27 -> 100.62219 | E4: ='storms - seasonal amp funct'!U129 -> 77.803593 | F4: - | G4: - | H4: ='storms - seasonal amp funct'!AT129 -> 66.341763 | J4: Total | K4: =B4/(1650*9.81*0.04364) -> 0.094725974 | L4: =C4/(1650*9.81*0.04364) -> 0.10245234 | M4: =D4/(1650*9.81*0.04364) -> 0.14244791 | N4: =E4/(1650*9.81*0.04364) -> 0.11014428 | O4: - | P4: - | Q4: =H4/(1650*9.81*0.04364) -> 0.093918104 | S4: Max | T4: =MAX(K3:Q3) -> 0.071323936 | U4: =MAX(K4:Q4) -> 0.14244791 | W4: 2 | X4: ='storms - seasonal amp funct'!B132 -> 44776.656 | Y4: ='storms - seasonal amp funct'!D133 -> 0.099163924 | AA4: 2 | AB4: ='storms - seasonal amp funct'!B136 -> 44776.657 | AC4: ='storms - seasonal amp funct'!D137 -> 0.099134952
W5: 3 | X5: ='storms - seasonal amp funct'!J128 -> 44781.601 | Y5: ='storms - seasonal amp funct'!L129 -> 0.10245234 | AA5: 3 | AB5: ='storms - seasonal amp funct'!J132 -> 44781.605 | AC5: ='storms - seasonal amp funct'!L133 -> 0.10389186
W6: 4 | X6: ='storms - seasonal amp funct'!J138 -> 44781.755 | Y6: ='storms - seasonal amp funct'!L139 -> 0.094286523 | AA6: 4 | AB6: ='storms - seasonal amp funct'!J142 -> 44781.761 | AC6: ='storms - seasonal amp funct'!L143 -> 0.094833296
A7: 2. Exceedance of D50 | J7: 2. Exceedance of D50 | S7: 2. Exceedance of D50 | W7: 5 | X7: ='storms - seasonal amp funct'!BJ27 -> 45031.566 | Y7: ='storms - seasonal amp funct'!BL28 -> 0.14244791 | AA7: 5 | AB7: ='storms - seasonal amp funct'!BJ31 -> 45031.573 | AC7: ='storms - seasonal amp funct'!BL32 -> 0.1425439
A8: (Pa) | B8: Storm 2 | C8: Storm 3 | D8: Spring | E8: Storm 4 | F8: Storm 5 | G8: Storm 6 | H8: Storm 7 | J8: Dimensionless | K8: Storm 2 | L8: Storm 3 | M8: Spring | N8: Storm 4 | O8: Storm 5 | P8: Storm 6 | Q8: Storm 7 | T8: Mobile | U8: Total | W8: 6 | X8: ='storms - seasonal amp funct'!BJ41 -> 45051.729 | Y8: ='storms - seasonal amp funct'!BL42 -> 0.169654 | AA8: 6 | AB8: ='storms - seasonal amp funct'!BJ41 -> 45051.729 | AC8: ='storms - seasonal amp funct'!BL42 -> 0.169654
A9: Mobile | B9: ='storms - seasonal amp funct'!C126 -> 12.678926 | C9: ='storms - seasonal amp funct'!K132 -> 21.083428 | D9: ='storms - seasonal amp funct'!BK31 -> 50.381721 | E9: ='storms - seasonal amp funct'!T133 -> 20.131539 | F9: - | G9: - | H9: ='storms - seasonal amp funct'!AS133 -> 2.0604455 | J9: Mobile | K9: =B9/(1650*9.81*0.04364) -> 0.017949187 | L9: =C9/(1650*9.81*0.04364) -> 0.029847196 | M9: =D9/(1650*9.81*0.04364) -> 0.071323936 | N9: =E9/(1650*9.81*0.04364) -> 0.028499634 | O9: - | P9: - | Q9: =H9/(1650*9.81*0.04364) -> 0.0029169127 | S9: Min | T9: =MIN(K9:Q9) -> 0.0029169127 | U9: =MIN(K10:Q10) -> 0.09763992 | W9: 7 | X9: ='storms - seasonal amp funct'!S129 -> 45136.652 | Y9: ='storms - seasonal amp funct'!U130 -> 0.11014428 | AA9: 7 | AB9: ='storms - seasonal amp funct'!S133 -> 45136.656 | AC9: ='storms - seasonal amp funct'!U134 -> 0.11292424
A10: Total | B10: ='storms - seasonal amp funct'!D126 -> 70.196899 | C10: ='storms - seasonal amp funct'!L132 -> 73.387016 | D10: ='storms - seasonal amp funct'!BL31 -> 100.69 | E10: ='storms - seasonal amp funct'!U133 -> 79.767296 | F10: - | G10: - | H10: ='storms - seasonal amp funct'!AT133 -> 68.970775 | J10: Total | K10: =B10/(1650*9.81*0.04364) -> 0.099375708 | L10: =C10/(1650*9.81*0.04364) -> 0.10389186 | M10: =D10/(1650*9.81*0.04364) -> 0.1425439 | N10: =E10/(1650*9.81*0.04364) -> 0.11292424 | O10: - | P10: - | Q10: =H10/(1650*9.81*0.04364) -> 0.09763992 | S10: Max | T10: =MAX(K9:Q9) -> 0.071323936 | U10: =MAX(K10:Q10) -> 0.1425439 | W10: 8 | X10: ='storms - seasonal amp funct'!S139 -> 45136.661 | Y10: ='storms - seasonal amp funct'!U140 -> 0.10895616 | AA10: 8 | AB10: ='storms - seasonal amp funct'!S143 -> 45136.667 | AC10: ='storms - seasonal amp funct'!U144 -> 0.10453498
W11: 9 | X11: ='storms - seasonal amp funct'!AR129 -> 45183.938 | Y11: ='storms - seasonal amp funct'!AT130 -> 0.093918104 | AA11: 9 | AB11: ='storms - seasonal amp funct'!AR133 -> 45183.948 | AC11: ='storms - seasonal amp funct'!AT134 -> 0.09763992
W12: 10 | X12: ='storms - seasonal amp funct'!AR139 -> 45183.949 | Y12: ='storms - seasonal amp funct'!AT140 -> 0.09727463 | AA12: 10 | AB12: ='storms - seasonal amp funct'!AR143 -> 45183.958 | AC12: ='storms - seasonal amp funct'!AT144 -> 0.093479618
A13: 3. Interpolated Falling D50 | J13: 3. Interpolated Falling D50 | S13: 3. Interpolated Falling D50
A14: (Pa) | B14: Storm 2 | C14: Storm 3 | D14: Spring | E14: Storm 4 | F14: Storm 5 | G14: Storm 6 | H14: Storm 7 | J14: Dimensionless | K14: Storm 2 | L14: Storm 3 | M14: Spring | N14: Storm 4 | O14: Storm 5 | P14: Storm 6 | Q14: Storm 7 | T14: Mobile | U14: Total | W14: No falling limb | AA14: No falling limb
A15: Mobile | B15: ='storms - seasonal amp funct'!C132 -> 21.423904 | C15: ='storms - seasonal amp funct'!K138 -> 14.636341 | D15: ='storms - seasonal amp funct'!BK37 -> 85.426572 | E15: ='storms - seasonal amp funct'!T139 -> 15.590032 | F15: - | G15: - | H15: ='storms - seasonal amp funct'!AS139 -> 2.0006168 | J15: Mobile | K15: =B15/(1650*9.81*0.04364) -> 0.030329198 | L15: =C15/(1650*9.81*0.04364) -> 0.020720242 | M15: =D15/(1650*9.81*0.04364) -> 0.12093591 | N15: =E15/(1650*9.81*0.04364) -> 0.022070355 | O15: - | P15: - | Q15: =H15/(1650*9.81*0.04364) -> 0.002832215 | S15: Min | T15: =MIN(K15:Q15) -> 0.002832215 | U15: =MIN(K16:Q16) -> 0.094286523 | W15: event | X15: datetime | Y15: tauc | AA15: event | AB15: datetime | AC15: tauc
A16: Total | B16: ='storms - seasonal amp funct'!D132 -> 70.0473 | C16: ='storms - seasonal amp funct'!L138 -> 66.602006 | D16: ='storms - seasonal amp funct'!BL37 -> 117.41479 | E16: ='storms - seasonal amp funct'!U139 -> 76.964332 | F16: - | G16: - | H16: ='storms - seasonal amp funct'!AT139 -> 68.712742 | J16: Total | K16: =B16/(1650*9.81*0.04364) -> 0.099163924 | L16: =C16/(1650*9.81*0.04364) -> 0.094286523 | M16: =D16/(1650*9.81*0.04364) -> 0.16622071 | N16: =E16/(1650*9.81*0.04364) -> 0.10895616 | O16: - | P16: - | Q16: =H16/(1650*9.81*0.04364) -> 0.09727463 | S16: Max | T16: =MAX(K15:Q15) -> 0.12093591 | U16: =MAX(K16:Q16) -> 0.16622071 | W16: 1 | X16: =X3 -> 44776.622 | Y16: =Y3 -> 0.094725974 | AA16: 1 | AB16: =AB3 -> 44776.626 | AC16: =AC3 -> 0.099375708
W17: 2 | X17: =X5 -> 44781.601 | Y17: =Y5 -> 0.10245234 | AA17: 2 | AB17: =AB5 -> 44781.605 | AC17: =AC5 -> 0.10389186
W18: 3 | X18: =X7 -> 45031.566 | Y18: =Y7 -> 0.14244791 | AA18: 3 | AB18: =AB7 -> 45031.573 | AC18: =AC7 -> 0.1425439
A19: 4. Shortfall of D50 | J19: 4. Shortfall of D50 | S19: 4. Shortfall of D50 | W19: 4 | X19: =X9 -> 45136.652 | Y19: =Y9 -> 0.11014428 | AA19: 4 | AB19: =AB9 -> 45136.656 | AC19: =AC9 -> 0.11292424
A20: (Pa) | B20: Storm 2 | C20: Storm 3 | D20: Spring | E20: Storm 4 | F20: Storm 5 | G20: Storm 6 | H20: Storm 7 | J20: Dimensionless | K20: Storm 2 | L20: Storm 3 | M20: Spring | N20: Storm 4 | O20: Storm 5 | P20: Storm 6 | Q20: Storm 7 | T20: Mobile | U20: Total | W20: 5 | X20: =X11 -> 45183.938 | Y20: =Y11 -> 0.093918104 | AA20: 5 | AB20: =AB11 -> 45183.948 | AC20: =AC11 -> 0.09763992
A21: Mobile | B21: ='storms - seasonal amp funct'!C136 -> 22.620214 | C21: ='storms - seasonal amp funct'!K142 -> 13.768906 | D21: ='storms - seasonal amp funct'!BK41 -> 99.297599 | E21: ='storms - seasonal amp funct'!T143 -> 10.529934 | F21: - | G21: - | H21: ='storms - seasonal amp funct'!AS143 -> 1.3790541 | J21: Mobile | K21: =B21/(1650*9.81*0.04364) -> 0.032022779 | L21: =C21/(1650*9.81*0.04364) -> 0.01949224 | M21: =D21/(1650*9.81*0.04364) -> 0.14057272 | N21: =E21/(1650*9.81*0.04364) -> 0.014906922 | O21: - | P21: - | Q21: =H21/(1650*9.81*0.04364) -> 0.0019522868 | S21: Min | T21: =MIN(K21:Q21) -> 0.0019522868 | U21: =MIN(K22:Q22) -> 0.093479618
A22: Total | B22: ='storms - seasonal amp funct'!D136 -> 70.026835 | C22: ='storms - seasonal amp funct'!L142 -> 66.988236 | D22: ='storms - seasonal amp funct'!BL41 -> 119.84 | E22: ='storms - seasonal amp funct'!U143 -> 73.841299 | F22: - | G22: - | H22: ='storms - seasonal amp funct'!AT143 -> 66.032026 | J22: Total | K22: =B22/(1650*9.81*0.04364) -> 0.099134952 | L22: =C22/(1650*9.81*0.04364) -> 0.094833296 | M22: =D22/(1650*9.81*0.04364) -> 0.169654 | N22: =E22/(1650*9.81*0.04364) -> 0.10453498 | O22: - | P22: - | Q22: =H22/(1650*9.81*0.04364) -> 0.093479618 | S22: Max | T22: =MAX(K21:Q21) -> 0.14057272 | U22: =MAX(K22:Q22) -> 0.169654
